Source sheet,Source row,Capability,Requirement ID,Acceptance ID,AC ledger note,Outcome,Reason
Inspection excution-Start jou,2,Validate Assigned Visit,MVP1-M04-001,AC-0114,[audit] Startup journey: validate/session/device+GPS capture/nav/STM-OPS transition — BUILT,MATCH,Source criterion is represented by the mapped acceptance evidence; no semantic exception identified in this review.
Inspection excution-Start jou,3,Validate Visit Status,MVP1-M04-002,AC-0115,[audit] Startup journey: validate/session/device+GPS capture/nav/STM-OPS transition — BUILT,MATCH,Source criterion is represented by the mapped acceptance evidence; no semantic exception identified in this review.
Inspection excution-Start jou,4,Validate Execution Window,MVP1-M04-003,AC-0116,[audit] Startup journey: validate/session/device+GPS capture/nav/STM-OPS transition — BUILT,MATCH,Source criterion is represented by the mapped acceptance evidence; no semantic exception identified in this review.
Inspection excution-Start jou,5,Validate Factory Location,MVP1-M04-004,AC-0117,[audit] Startup journey: validate/session/device+GPS capture/nav/STM-OPS transition — BUILT,MATCH,Source criterion is represented by the mapped acceptance evidence; no semantic exception identified in this review.
Inspection excution-Start jou,6,Download Locked Inspection Package,MVP1-M04-005,AC-0118,[audit] Startup journey: validate/session/device+GPS capture/nav/STM-OPS transition — BUILT,MATCH,Source criterion is represented by the mapped acceptance evidence; no semantic exception identified in this review.
Inspection excution-Start jou,7,Verify Package Integrity,MVP1-M04-006,AC-0119,[audit] Startup journey: validate/session/device+GPS capture/nav/STM-OPS transition — BUILT,MATCH,Source criterion is represented by the mapped acceptance evidence; no semantic exception identified in this review.
Inspection excution-Start jou,8,Cache Offline Package,MVP1-M04-007,AC-0120,[audit] Startup journey: validate/session/device+GPS capture/nav/STM-OPS transition — BUILT,MATCH,Source criterion is represented by the mapped acceptance evidence; no semantic exception identified in this review.
Inspection excution-Start jou,9,Create Journey Session,MVP1-M04-008,AC-0121,[audit] Startup journey: validate/session/device+GPS capture/nav/STM-OPS transition — BUILT,MATCH,Source criterion is represented by the mapped acceptance evidence; no semantic exception identified in this review.
Inspection excution-Start jou,10,Capture Journey Start Time,MVP1-M04-009,AC-0122,[audit] Startup journey: validate/session/device+GPS capture/nav/STM-OPS transition — BUILT,MATCH,Source criterion is represented by the mapped acceptance evidence; no semantic exception identified in this review.
Inspection excution-Start jou,11,Capture Journey Start GPS,MVP1-M04-010,AC-0123,[audit] Startup journey: validate/session/device+GPS capture/nav/STM-OPS transition — BUILT,MATCH,Source criterion is represented by the mapped acceptance evidence; no semantic exception identified in this review.
Inspection excution-Start jou,12,Capture GPS Accuracy,MVP1-M04-011,AC-0124,[audit] Startup journey: validate/session/device+GPS capture/nav/STM-OPS transition — BUILT,MATCH,Source criterion is represented by the mapped acceptance evidence; no semantic exception identified in this review.
Inspection excution-Start jou,13,Capture Device Information,MVP1-M04-012,AC-0125,"[TASK-G11-REMAINING-REQUIREMENTS-CLOSURE-001] Inspector live replay persisted privacy-minimized device_id, os_version and app_version on the journey session through normal RLS on 2026-07-16.",MATCH,Source criterion is represented by the mapped acceptance evidence; no semantic exception identified in this review.
Inspection excution-Start jou,14,Capture Network Status,MVP1-M04-013,AC-0126,[audit] Startup journey: validate/session/device+GPS capture/nav/STM-OPS transition — BUILT,MATCH,Source criterion is represented by the mapped acceptance evidence; no semantic exception identified in this review.
Inspection excution-Start jou,15,Start Live Tracking,MVP1-M04-014,AC-0127,[audit] Startup journey: validate/session/device+GPS capture/nav/STM-OPS transition — BUILT,MATCH,Source criterion is represented by the mapped acceptance evidence; no semantic exception identified in this review.
Inspection excution-Start jou,16,Initialize Journey Timeline,MVP1-M04-015,AC-0128,[audit] Startup journey: validate/session/device+GPS capture/nav/STM-OPS transition — BUILT,MATCH,Source criterion is represented by the mapped acceptance evidence; no semantic exception identified in this review.
Inspection excution-Start jou,17,Launch Navigation,MVP1-M04-016,AC-0129,[audit] Startup journey: validate/session/device+GPS capture/nav/STM-OPS transition — BUILT,MATCH,Source criterion is represented by the mapped acceptance evidence; no semantic exception identified in this review.
Inspection excution-Start jou,18,Calculate Initial ETA,MVP1-M04-017,AC-0130,"[TASK-G11-REMAINING-REQUIREMENTS-CLOSURE-001] Traffic-aware Google Routes adapter, initial ETA request, neutral unavailable/no-route states and journey persistence are wired; the deployment has no provider API key and is not claimed provider-live.",NEEDS_REVIEW,"Source requires accurate initial route ETA; current evidence confirms a wired adapter and safe unavailable state, but no provider-live ETA delivery."
Inspection excution-Start jou,19,Update Operational State,MVP1-M04-018,AC-0131,[audit] Startup journey: validate/session/device+GPS capture/nav/STM-OPS transition — BUILT,MATCH,Source criterion is represented by the mapped acceptance evidence; no semantic exception identified in this review.
Inspection excution-Start jou,20,Generate Audit Events,MVP1-M04-019,AC-0132,[audit] Startup journey: validate/session/device+GPS capture/nav/STM-OPS transition — BUILT,MATCH,Source criterion is represented by the mapped acceptance evidence; no semantic exception identified in this review.
Inspection excution-Start jou,21,Error Handling,MVP1-M04-020,AC-0133,[audit] Startup continuous tracking: telemetry/deviation/status/offline-queue/exception — BUILT,MATCH,Source criterion is represented by the mapped acceptance evidence; no semantic exception identified in this review.
Inspection excution-Start jou,22,Activate Live Journey Tracking,MVP1-M04-021,AC-0134,[audit] Startup continuous tracking: telemetry/deviation/status/offline-queue/exception — BUILT,MATCH,Source criterion is represented by the mapped acceptance evidence; no semantic exception identified in this review.
Inspection excution-Start jou,23,Capture Live GPS Coordinates,MVP1-M04-022,AC-0135,[audit] Startup continuous tracking: telemetry/deviation/status/offline-queue/exception — BUILT,MATCH,Source criterion is represented by the mapped acceptance evidence; no semantic exception identified in this review.
Inspection excution-Start jou,24,Update Inspector Location on Operations Map,MVP1-M04-023,AC-0136,[audit] Startup continuous tracking: telemetry/deviation/status/offline-queue/exception — BUILT,MATCH,Source criterion is represented by the mapped acceptance evidence; no semantic exception identified in this review.
Inspection excution-Start jou,25,Calculate Estimated Time of Arrival (ETA),MVP1-M04-024,AC-0137,[TASK-G11-REMAINING-REQUIREMENTS-CLOSURE-001] ETA refresh runs from live journey telemetry at the governed cadence and persists latest distance/time/provider facts; provider-unavailable behavior rendered live without fabricated ETA.,NEEDS_REVIEW,"Source requires periodically refreshed accurate ETA; current evidence confirms telemetry refresh and a safe unavailable state, but no provider-live ETA delivery."
Inspection excution-Start jou,26,Calculate Remaining Distance,MVP1-M04-025,AC-0138,[audit] Startup continuous tracking: telemetry/deviation/status/offline-queue/exception — BUILT,MATCH,Source criterion is represented by the mapped acceptance evidence; no semantic exception identified in this review.
Inspection excution-Start jou,27,Monitor Journey Progress,MVP1-M04-026,AC-0139,[audit] Startup continuous tracking: telemetry/deviation/status/offline-queue/exception — BUILT,MATCH,Source criterion is represented by the mapped acceptance evidence; no semantic exception identified in this review.
Inspection excution-Start jou,28,Monitor GPS Accuracy,MVP1-M04-027,AC-0140,[audit] Startup continuous tracking: telemetry/deviation/status/offline-queue/exception — BUILT,MATCH,Source criterion is represented by the mapped acceptance evidence; no semantic exception identified in this review.
Inspection excution-Start jou,29,Monitor Network Connectivity,MVP1-M04-028,AC-0141,[audit] Startup continuous tracking: telemetry/deviation/status/offline-queue/exception — BUILT,MATCH,Source criterion is represented by the mapped acceptance evidence; no semantic exception identified in this review.
Inspection excution-Start jou,30,Handle Offline Mode,MVP1-M04-029,AC-0142,[audit] Startup continuous tracking: telemetry/deviation/status/offline-queue/exception — BUILT,MATCH,Source criterion is represented by the mapped acceptance evidence; no semantic exception identified in this review.
Inspection excution-Start jou,31,Synchronize Offline Journey Data,MVP1-M04-030,AC-0143,[audit] Startup continuous tracking: telemetry/deviation/status/offline-queue/exception — BUILT,MATCH,Source criterion is represented by the mapped acceptance evidence; no semantic exception identified in this review.
Inspection excution-Start jou,32,Monitor Route Deviation,MVP1-M04-031,AC-0144,[audit] Startup continuous tracking: telemetry/deviation/status/offline-queue/exception — BUILT,MATCH,Source criterion is represented by the mapped acceptance evidence; no semantic exception identified in this review.
Inspection excution-Start jou,33,Detect Arrival Radius,MVP1-M04-032,AC-0145,[audit] Startup continuous tracking: telemetry/deviation/status/offline-queue/exception — BUILT,MATCH,Source criterion is represented by the mapped acceptance evidence; no semantic exception identified in this review.
Inspection excution-Start jou,34,Record Journey Timeline Events,MVP1-M04-033,AC-0146,[audit] Startup continuous tracking: telemetry/deviation/status/offline-queue/exception — BUILT,MATCH,Source criterion is represented by the mapped acceptance evidence; no semantic exception identified in this review.
Inspection excution-Start jou,35,Generate Operational Audit Logs,MVP1-M04-034,AC-0147,[audit] Startup continuous tracking: telemetry/deviation/status/offline-queue/exception — BUILT,MATCH,Source criterion is represented by the mapped acceptance evidence; no semantic exception identified in this review.
Inspection excution-Start jou,36,Display Journey Status,MVP1-M04-035,AC-0148,[audit] Startup continuous tracking: telemetry/deviation/status/offline-queue/exception — BUILT,MATCH,Source criterion is represented by the mapped acceptance evidence; no semantic exception identified in this review.
Inspection excution-Start jou,37,Handle Journey Exceptions,MVP1-M04-036,AC-0149,[audit] Startup continuous tracking: telemetry/deviation/status/offline-queue/exception — BUILT,MATCH,Source criterion is represented by the mapped acceptance evidence; no semantic exception identified in this review.
Inspection excution-Start jou,38,Detect Arrival Radius,MVP1-M04-037,AC-0150,"[audit] Startup geofence check-in: arrival detect, coords/accuracy/altitude, distance — BUILT",MATCH,Source criterion is represented by the mapped acceptance evidence; no semantic exception identified in this review.
Inspection excution-Start jou,39,Enable Arrival Action,MVP1-M04-038,AC-0151,"[audit] Startup geofence check-in: arrival detect, coords/accuracy/altitude, distance — BUILT",MATCH,Source criterion is represented by the mapped acceptance evidence; no semantic exception identified in this review.
Inspection excution-Start jou,40,Capture Arrival Timestamp,MVP1-M04-039,AC-0152,"[audit] Startup geofence check-in: arrival detect, coords/accuracy/altitude, distance — BUILT",MATCH,Source criterion is represented by the mapped acceptance evidence; no semantic exception identified in this review.
Inspection excution-Start jou,41,Capture Actual GPS Coordinates,MVP1-M04-040,AC-0153,"[audit] Startup geofence check-in: arrival detect, coords/accuracy/altitude, distance — BUILT",MATCH,Source criterion is represented by the mapped acceptance evidence; no semantic exception identified in this review.
Inspection excution-Start jou,42,Compare Planned vs Actual Location,MVP1-M04-041,AC-0154,"[audit] Startup geofence check-in: arrival detect, coords/accuracy/altitude, distance — BUILT",MATCH,Source criterion is represented by the mapped acceptance evidence; no semantic exception identified in this review.
Inspection excution-Start jou,43,Validate GPS Distance,MVP1-M04-042,AC-0155,"[audit] Startup geofence check-in: arrival detect, coords/accuracy/altitude, distance — BUILT",MATCH,Source criterion is represented by the mapped acceptance evidence; no semantic exception identified in this review.
Inspection excution-Start jou,44,GPS Override Confirmation,MVP1-M04-043,AC-0156,"[TASK-G11-REMAINING-REQUIREMENTS-CLOSURE-001] Outside-fence live replay proved mandatory reason, actual 1,112m-away coordinates, 5m accuracy, immutable override event, guarded arrived transition and visit audit on 2026-07-16.",MATCH,Source criterion is represented by the mapped acceptance evidence; no semantic exception identified in this review.
Inspection excution-Start jou,45,Store Actual Inspection Location,MVP1-M04-044,AC-0157,"[audit] Startup geofence check-in: arrival detect, coords/accuracy/altitude, distance — BUILT",MATCH,Source criterion is represented by the mapped acceptance evidence; no semantic exception identified in this review.
Inspection excution-Start jou,46,Capture Arrival Evidence,MVP1-M04-045,AC-0158,"[TASK-G11-REMAINING-REQUIREMENTS-CLOSURE-001] Live inspector replay persisted arrival-linked comment evidence through normal RLS with SHA-256, synced_at and one private evidence object; independent database reconciliation passed on 2026-07-16.",MATCH,Source criterion is represented by the mapped acceptance evidence; no semantic exception identified in this review.
Inspection excution-Start jou,47,Update Operational State,MVP1-M04-046,AC-0159,"[audit] Startup geofence check-in: arrival detect, coords/accuracy/altitude, distance — BUILT",MATCH,Source criterion is represented by the mapped acceptance evidence; no semantic exception identified in this review.
Inspection excution-Start jou,48,Generate Arrival Timeline Events,MVP1-M04-047,AC-0160,"[audit] Startup geofence check-in: arrival detect, coords/accuracy/altitude, distance — BUILT",MATCH,Source criterion is represented by the mapped acceptance evidence; no semantic exception identified in this review.
Inspection excution-Start jou,49,Generate Audit Logs,MVP1-M04-048,AC-0161,"[audit] Startup geofence check-in: arrival detect, coords/accuracy/altitude, distance — BUILT",MATCH,Source criterion is represented by the mapped acceptance evidence; no semantic exception identified in this review.
Inspection excution-Start jou,50,Handle Arrival Validation Errors,MVP1-M04-049,AC-0162,"[audit] Startup geofence check-in: arrival detect, coords/accuracy/altitude, distance — BUILT",MATCH,Source criterion is represented by the mapped acceptance evidence; no semantic exception identified in this review.
Inspection excution-Start jou,51,Load Arrival Confirmation Screen,MVP1-M04-050,AC-0163,[Codex remediation 2026-07-15] Arrival confirmation cards and summary are rendered in Startup and use the visit-linked field handoff.,MATCH,Source criterion is represented by the mapped acceptance evidence; no semantic exception identified in this review.
Inspection excution-Start jou,52,Load Factory Card,MVP1-M04-051,AC-0164,[Codex remediation 2026-07-15] Factory arrival card is rendered with source-backed visit/factory identity.,MATCH,Source criterion is represented by the mapped acceptance evidence; no semantic exception identified in this review.
Inspection excution-Start jou,53,Load Visit Card,MVP1-M04-052,AC-0165,[Codex remediation 2026-07-15] Visit arrival card is rendered with source-backed schedule and assignment identity.,MATCH,Source criterion is represented by the mapped acceptance evidence; no semantic exception identified in this review.
Inspection excution-Start jou,54,Display Journey Summary,MVP1-M04-053,AC-0166,[Codex remediation 2026-07-15] Arrival summary renders the available journey/distance/GPS facts without inventing a threshold.,MATCH,Source criterion is represented by the mapped acceptance evidence; no semantic exception identified in this review.
Inspection excution-Start jou,55,Display Context Panel,MVP1-M04-054,AC-0167,[Codex remediation 2026-07-15] Arrival cards expose governed expand/collapse controls with keyboard-safe state.,MATCH,Source criterion is represented by the mapped acceptance evidence; no semantic exception identified in this review.
Inspection excution-Start jou,56,Proceed with Inspection,MVP1-M04-055,AC-0168,[audit] Startup proceed/session + guarded STM-OPS to executing; cancellation guard — BUILT,MATCH,Source criterion is represented by the mapped acceptance evidence; no semantic exception identified in this review.
Inspection excution-Start jou,57,Cancel Visit,MVP1-M04-056,AC-0169,[Codex remediation 2026-07-15] Inspector cancellation form is rendered and submits the governed cancellation request.,MATCH,Source criterion is represented by the mapped acceptance evidence; no semantic exception identified in this review.
Inspection excution-Start jou,58,Capture Cancellation Reason,MVP1-M04-057,AC-0170,[Codex remediation 2026-07-15] Cancellation reason selection is rendered from the governed reason source.,MATCH,Source criterion is represented by the mapped acceptance evidence; no semantic exception identified in this review.
Inspection excution-Start jou,59,Capture Cancellation Evidence,MVP1-M04-058,AC-0171,[Codex remediation 2026-07-15] Cancellation evidence is queued through the visit-linked offline outbox path.,MATCH,Source criterion is represented by the mapped acceptance evidence; no semantic exception identified in this review.
Inspection excution-Start jou,60,Update Visit Status After Cancellation,MVP1-M04-059,AC-0172,[audit] Startup proceed/session + guarded STM-OPS to executing; cancellation guard — BUILT,MATCH,Source criterion is represented by the mapped acceptance evidence; no semantic exception identified in this review.
Inspection excution-Start jou,61,Generate Arrival Audit Events,MVP1-M04-060,AC-0173,[audit] Startup proceed/session + guarded STM-OPS to executing; cancellation guard — BUILT,MATCH,Source criterion is represented by the mapped acceptance evidence; no semantic exception identified in this review.
Inspection excution-Start jou,62,Handle Arrival Confirmation Errors,MVP1-M04-061,AC-0174,[audit] Startup proceed/session + guarded STM-OPS to executing; cancellation guard — BUILT,MATCH,Source criterion is represented by the mapped acceptance evidence; no semantic exception identified in this review.
Inspection excution-Start jou,63,Create Inspection Session,MVP1-M04-062,AC-0175,[audit] Workspace wizard: sections/progress/completion/autosave/draft-resume/validation — BUILT,MATCH,Source criterion is represented by the mapped acceptance evidence; no semantic exception identified in this review.
Inspection excution-Start jou,64,Lock Inspection Package,MVP1-M04-063,AC-0176,[audit] Workspace wizard: sections/progress/completion/autosave/draft-resume/validation — BUILT,MATCH,Source criterion is represented by the mapped acceptance evidence; no semantic exception identified in this review.
Inspection excution-Start jou,65,Load Execution Workspace,MVP1-M04-064,AC-0177,[audit] Workspace wizard: sections/progress/completion/autosave/draft-resume/validation — BUILT,MATCH,Source criterion is represented by the mapped acceptance evidence; no semantic exception identified in this review.
Inspection excution-Start jou,66,Initialize Wizard,MVP1-M04-065,AC-0178,[audit] Workspace wizard: sections/progress/completion/autosave/draft-resume/validation — BUILT,MATCH,Source criterion is represented by the mapped acceptance evidence; no semantic exception identified in this review.
Inspection excution-Start jou,67,Load Wizard Steps,MVP1-M04-066,AC-0179,[audit] Workspace wizard: sections/progress/completion/autosave/draft-resume/validation — BUILT,MATCH,Source criterion is represented by the mapped acceptance evidence; no semantic exception identified in this review.
Inspection excution-Start jou,68,Load Progress Engine,MVP1-M04-067,AC-0180,[audit] Workspace wizard: sections/progress/completion/autosave/draft-resume/validation — BUILT,MATCH,Source criterion is represented by the mapped acceptance evidence; no semantic exception identified in this review.
Inspection excution-Start jou,69,Load Context Panel,MVP1-M04-068,AC-0181,[audit] Workspace wizard: sections/progress/completion/autosave/draft-resume/validation — BUILT,MATCH,Source criterion is represented by the mapped acceptance evidence; no semantic exception identified in this review.
Inspection excution-Start jou,70,Restore Draft Session,MVP1-M04-069,AC-0182,[audit] Workspace wizard: sections/progress/completion/autosave/draft-resume/validation — BUILT,MATCH,Source criterion is represented by the mapped acceptance evidence; no semantic exception identified in this review.
Inspection excution-Start jou,71,Initialize Auto Save,MVP1-M04-070,AC-0183,[audit] Workspace wizard: sections/progress/completion/autosave/draft-resume/validation — BUILT,MATCH,Source criterion is represented by the mapped acceptance evidence; no semantic exception identified in this review.
Inspection excution-Start jou,72,Initialize Offline Mode,MVP1-M04-071,AC-0184,[audit] Workspace wizard: sections/progress/completion/autosave/draft-resume/validation — BUILT,MATCH,Source criterion is represented by the mapped acceptance evidence; no semantic exception identified in this review.
Inspection excution-Start jou,73,Start Inspection Timeline,MVP1-M04-072,AC-0185,[audit] Workspace wizard: sections/progress/completion/autosave/draft-resume/validation — BUILT,MATCH,Source criterion is represented by the mapped acceptance evidence; no semantic exception identified in this review.
Inspection excution-Start jou,74,Start Inspection SLA,MVP1-M04-073,AC-0186,[audit] Workspace wizard: sections/progress/completion/autosave/draft-resume/validation — BUILT,MATCH,Source criterion is represented by the mapped acceptance evidence; no semantic exception identified in this review.
Inspection excution-Start jou,75,Validate Workspace Initialization,MVP1-M04-074,AC-0187,[audit] Workspace wizard: sections/progress/completion/autosave/draft-resume/validation — BUILT,MATCH,Source criterion is represented by the mapped acceptance evidence; no semantic exception identified in this review.
Inspection excution-Start jou,76,Handle Workspace Initialization Errors,MVP1-M04-075,AC-0188,[audit] Workspace wizard: sections/progress/completion/autosave/draft-resume/validation — BUILT,MATCH,Source criterion is represented by the mapped acceptance evidence; no semantic exception identified in this review.
Inspection excution-Start jou,77,Load Wizard Structure,MVP1-M04-076,AC-0189,[audit] Workspace wizard: sections/progress/completion/autosave/draft-resume/validation — BUILT,MATCH,Source criterion is represented by the mapped acceptance evidence; no semantic exception identified in this review.
Inspection excution-Start jou,78,Display Current Step,MVP1-M04-077,AC-0190,[audit] Workspace wizard: sections/progress/completion/autosave/draft-resume/validation — BUILT,MATCH,Source criterion is represented by the mapped acceptance evidence; no semantic exception identified in this review.
Inspection excution-Start jou,79,Navigate to Next Step,MVP1-M04-078,AC-0191,[audit] Workspace wizard: sections/progress/completion/autosave/draft-resume/validation — BUILT,MATCH,Source criterion is represented by the mapped acceptance evidence; no semantic exception identified in this review.
Inspection excution-Start jou,80,Navigate to Previous Step,MVP1-M04-079,AC-0192,[audit] Workspace wizard: sections/progress/completion/autosave/draft-resume/validation — BUILT,MATCH,Source criterion is represented by the mapped acceptance evidence; no semantic exception identified in this review.
Inspection excution-Start jou,81,Calculate Progress,MVP1-M04-080,AC-0193,[audit] Workspace wizard: sections/progress/completion/autosave/draft-resume/validation — BUILT,MATCH,Source criterion is represented by the mapped acceptance evidence; no semantic exception identified in this review.
Inspection excution-Start jou,82,Display Progress Indicator,MVP1-M04-081,AC-0194,[audit] Workspace wizard: sections/progress/completion/autosave/draft-resume/validation — BUILT,MATCH,Source criterion is represented by the mapped acceptance evidence; no semantic exception identified in this review.
Inspection excution-Start jou,83,Track Step Completion,MVP1-M04-082,AC-0195,[audit] Workspace wizard: sections/progress/completion/autosave/draft-resume/validation — BUILT,MATCH,Source criterion is represented by the mapped acceptance evidence; no semantic exception identified in this review.
Inspection excution-Start jou,84,Validate Step Before Navigation,MVP1-M04-083,AC-0196,[audit] Workspace wizard: sections/progress/completion/autosave/draft-resume/validation — BUILT,MATCH,Source criterion is represented by the mapped acceptance evidence; no semantic exception identified in this review.
Inspection excution-Start jou,85,Skip Empty Action Forms Step,MVP1-M04-084,AC-0197,[audit] Workspace wizard: sections/progress/completion/autosave/draft-resume/validation — BUILT,MATCH,Source criterion is represented by the mapped acceptance evidence; no semantic exception identified in this review.
Inspection excution-Start jou,86,Display Change Counter,MVP1-M04-085,AC-0198,[audit] Workspace wizard: sections/progress/completion/autosave/draft-resume/validation — BUILT,MATCH,Source criterion is represented by the mapped acceptance evidence; no semantic exception identified in this review.
Inspection excution-Start jou,87,Preserve Wizard State,MVP1-M04-086,AC-0199,[audit] Workspace wizard: sections/progress/completion/autosave/draft-resume/validation — BUILT,MATCH,Source criterion is represented by the mapped acceptance evidence; no semantic exception identified in this review.
Inspection excution-Start jou,88,Trigger Auto Save,MVP1-M04-087,AC-0200,[audit] Workspace wizard: sections/progress/completion/autosave/draft-resume/validation — BUILT,MATCH,Source criterion is represented by the mapped acceptance evidence; no semantic exception identified in this review.
Inspection excution-Start jou,89,Save Draft,MVP1-M04-088,AC-0201,[audit] Workspace wizard: sections/progress/completion/autosave/draft-resume/validation — BUILT,MATCH,Source criterion is represented by the mapped acceptance evidence; no semantic exception identified in this review.
Inspection excution-Start jou,90,Restore Draft Navigation,MVP1-M04-089,AC-0202,[audit] Workspace wizard: sections/progress/completion/autosave/draft-resume/validation — BUILT,MATCH,Source criterion is represented by the mapped acceptance evidence; no semantic exception identified in this review.
Inspection excution-Start jou,91,Display Validation Summary,MVP1-M04-090,AC-0203,[audit] Workspace wizard: sections/progress/completion/autosave/draft-resume/validation — BUILT,MATCH,Source criterion is represented by the mapped acceptance evidence; no semantic exception identified in this review.
Inspection excution-Start jou,92,Jump to Missing Section,MVP1-M04-091,AC-0204,[audit] Workspace wizard: sections/progress/completion/autosave/draft-resume/validation — BUILT,MATCH,Source criterion is represented by the mapped acceptance evidence; no semantic exception identified in this review.
Inspection excution-Start jou,93,Lock Completed Navigation After Submission,MVP1-M04-092,AC-0205,[audit] Workspace wizard: sections/progress/completion/autosave/draft-resume/validation — BUILT,MATCH,Source criterion is represented by the mapped acceptance evidence; no semantic exception identified in this review.
Inspection excution-Start jou,94,Generate Wizard Audit Events,MVP1-M04-093,AC-0206,[audit] Workspace wizard: sections/progress/completion/autosave/draft-resume/validation — BUILT,MATCH,Source criterion is represented by the mapped acceptance evidence; no semantic exception identified in this review.
Inspection excution-Start jou,95,Handle Wizard Errors,MVP1-M04-094,AC-0207,[audit] Workspace wizard: sections/progress/completion/autosave/draft-resume/validation — BUILT,MATCH,Source criterion is represented by the mapped acceptance evidence; no semantic exception identified in this review.
Inspection excution-Start jou,96,Load Factory Information,MVP1-M04-095,AC-0208,"[audit] FactoryVerification source-vs-observed, verify/update, evidence, change review — BUILT",MATCH,Source criterion is represented by the mapped acceptance evidence; no semantic exception identified in this review.
Inspection excution-Start jou,97,Load Industrial License Information,MVP1-M04-096,AC-0209,"[audit] FactoryVerification source-vs-observed, verify/update, evidence, change review — BUILT",MATCH,Source criterion is represented by the mapped acceptance evidence; no semantic exception identified in this review.
Inspection excution-Start jou,98,Load Factory General Information,MVP1-M04-097,AC-0210,"[audit] FactoryVerification source-vs-observed, verify/update, evidence, change review — BUILT",MATCH,Source criterion is represented by the mapped acceptance evidence; no semantic exception identified in this review.
Inspection excution-Start jou,99,Load Products,MVP1-M04-098,AC-0211,"[audit] FactoryVerification source-vs-observed, verify/update, evidence, change review — BUILT",MATCH,Source criterion is represented by the mapped acceptance evidence; no semantic exception identified in this review.
Inspection excution-Start jou,100,Load Raw Materials,MVP1-M04-099,AC-0212,"[audit] FactoryVerification source-vs-observed, verify/update, evidence, change review — BUILT",MATCH,Source criterion is represented by the mapped acceptance evidence; no semantic exception identified in this review.
Inspection excution-Start jou,101,Load Employees,MVP1-M04-100,AC-0213,"[audit] FactoryVerification source-vs-observed, verify/update, evidence, change review — BUILT",MATCH,Source criterion is represented by the mapped acceptance evidence; no semantic exception identified in this review.
Inspection excution-Start jou,102,Load Investment Information,MVP1-M04-101,AC-0214,"[audit] FactoryVerification source-vs-observed, verify/update, evidence, change review — BUILT",MATCH,Source criterion is represented by the mapped acceptance evidence; no semantic exception identified in this review.
Inspection excution-Start jou,103,Display Source Value,MVP1-M04-102,AC-0215,"[audit] FactoryVerification source-vs-observed, verify/update, evidence, change review — BUILT",MATCH,Source criterion is represented by the mapped acceptance evidence; no semantic exception identified in this review.
Inspection excution-Start jou,104,Capture Observed Value,MVP1-M04-103,AC-0216,"[audit] FactoryVerification source-vs-observed, verify/update, evidence, change review — BUILT",MATCH,Source criterion is represented by the mapped acceptance evidence; no semantic exception identified in this review.
Inspection excution-Start jou,105,Mark Field as Verified,MVP1-M04-104,AC-0217,"[audit] FactoryVerification source-vs-observed, verify/update, evidence, change review — BUILT",MATCH,Source criterion is represented by the mapped acceptance evidence; no semantic exception identified in this review.
Inspection excution-Start jou,106,Mark Field as Updated,MVP1-M04-105,AC-0218,"[audit] FactoryVerification source-vs-observed, verify/update, evidence, change review — BUILT",MATCH,Source criterion is represented by the mapped acceptance evidence; no semantic exception identified in this review.
Inspection excution-Start jou,107,Compare Before / After Values,MVP1-M04-106,AC-0219,"[audit] FactoryVerification source-vs-observed, verify/update, evidence, change review — BUILT",MATCH,Source criterion is represented by the mapped acceptance evidence; no semantic exception identified in this review.
Inspection excution-Start jou,108,Highlight Updated Fields,MVP1-M04-107,AC-0220,"[audit] FactoryVerification source-vs-observed, verify/update, evidence, change review — BUILT",MATCH,Source criterion is represented by the mapped acceptance evidence; no semantic exception identified in this review.
Inspection excution-Start jou,109,Attach Evidence to Factory Data,MVP1-M04-108,AC-0221,"[audit] FactoryVerification source-vs-observed, verify/update, evidence, change review — BUILT",MATCH,Source criterion is represented by the mapped acceptance evidence; no semantic exception identified in this review.
Inspection excution-Start jou,110,Annotate Evidence,MVP1-M04-109,AC-0222,"[audit] FactoryVerification source-vs-observed, verify/update, evidence, change review — BUILT",MATCH,Source criterion is represented by the mapped acceptance evidence; no semantic exception identified in this review.
Inspection excution-Start jou,111,Maintain Change Counter,MVP1-M04-110,AC-0223,"[audit] FactoryVerification source-vs-observed, verify/update, evidence, change review — BUILT",MATCH,Source criterion is represented by the mapped acceptance evidence; no semantic exception identified in this review.
Inspection excution-Start jou,112,Review Factory Changes,MVP1-M04-111,AC-0224,"[audit] FactoryVerification source-vs-observed, verify/update, evidence, change review — BUILT",MATCH,Source criterion is represented by the mapped acceptance evidence; no semantic exception identified in this review.
Inspection excution-Start jou,113,Preserve Source Integrity,MVP1-M04-112,AC-0225,"[audit] FactoryVerification source-vs-observed, verify/update, evidence, change review — BUILT",MATCH,Source criterion is represented by the mapped acceptance evidence; no semantic exception identified in this review.
Inspection excution-Start jou,114,Generate Verification Audit,MVP1-M04-113,AC-0226,"[audit] FactoryVerification source-vs-observed, verify/update, evidence, change review — BUILT",MATCH,Source criterion is represented by the mapped acceptance evidence; no semantic exception identified in this review.
Inspection excution-Start jou,115,Handle Verification Errors,MVP1-M04-114,AC-0227,"[audit] FactoryVerification source-vs-observed, verify/update, evidence, change review — BUILT",MATCH,Source criterion is represented by the mapped acceptance evidence; no semantic exception identified in this review.
Inspection excution-Start jou,116,Load Inspection Report,MVP1-M04-115,AC-0228,[audit] Workspace report step: dynamic fields/conditional/validation/evidence/autosave — BUILT,MATCH,Source criterion is represented by the mapped acceptance evidence; no semantic exception identified in this review.
Inspection excution-Start jou,117,Load Report Metadata,MVP1-M04-116,AC-0229,[audit] Workspace report step: dynamic fields/conditional/validation/evidence/autosave — BUILT,MATCH,Source criterion is represented by the mapped acceptance evidence; no semantic exception identified in this review.
Inspection excution-Start jou,118,Render Report Sections,MVP1-M04-117,AC-0230,[audit] Workspace report step: dynamic fields/conditional/validation/evidence/autosave — BUILT,MATCH,Source criterion is represented by the mapped acceptance evidence; no semantic exception identified in this review.
Inspection excution-Start jou,119,Render Dynamic Fields,MVP1-M04-118,AC-0231,[audit] Workspace report step: dynamic fields/conditional/validation/evidence/autosave — BUILT,MATCH,Source criterion is represented by the mapped acceptance evidence; no semantic exception identified in this review.
Inspection excution-Start jou,120,Apply Field Visibility Rules,MVP1-M04-119,AC-0232,[audit] Workspace report step: dynamic fields/conditional/validation/evidence/autosave — BUILT,MATCH,Source criterion is represented by the mapped acceptance evidence; no semantic exception identified in this review.
Inspection excution-Start jou,121,Apply Mandatory Rules,MVP1-M04-120,AC-0233,[audit] Workspace report step: dynamic fields/conditional/validation/evidence/autosave — BUILT,MATCH,Source criterion is represented by the mapped acceptance evidence; no semantic exception identified in this review.
Inspection excution-Start jou,122,Apply Conditional Validation,MVP1-M04-121,AC-0234,[audit] Workspace report step: dynamic fields/conditional/validation/evidence/autosave — BUILT,MATCH,Source criterion is represented by the mapped acceptance evidence; no semantic exception identified in this review.
Inspection excution-Start jou,123,Capture Report Responses,MVP1-M04-122,AC-0235,[audit] Workspace report step: dynamic fields/conditional/validation/evidence/autosave — BUILT,MATCH,Source criterion is represented by the mapped acceptance evidence; no semantic exception identified in this review.
Inspection excution-Start jou,124,Attach Evidence to Report Fields,MVP1-M04-123,AC-0236,[audit] Workspace report step: dynamic fields/conditional/validation/evidence/autosave — BUILT,MATCH,Source criterion is represented by the mapped acceptance evidence; no semantic exception identified in this review.
Inspection excution-Start jou,125,Annotate Report Evidence,MVP1-M04-124,AC-0237,[audit] Workspace report step: dynamic fields/conditional/validation/evidence/autosave — BUILT,MATCH,Source criterion is represented by the mapped acceptance evidence; no semantic exception identified in this review.
Inspection excution-Start jou,126,Save Draft Report,MVP1-M04-125,AC-0238,[audit] Workspace report step: dynamic fields/conditional/validation/evidence/autosave — BUILT,MATCH,Source criterion is represented by the mapped acceptance evidence; no semantic exception identified in this review.
Inspection excution-Start jou,127,Auto Save Report,MVP1-M04-126,AC-0239,[audit] Workspace report step: dynamic fields/conditional/validation/evidence/autosave — BUILT,MATCH,Source criterion is represented by the mapped acceptance evidence; no semantic exception identified in this review.
Inspection excution-Start jou,128,Calculate Report Completion,MVP1-M04-127,AC-0240,[audit] Workspace report step: dynamic fields/conditional/validation/evidence/autosave — BUILT,MATCH,Source criterion is represented by the mapped acceptance evidence; no semantic exception identified in this review.
Inspection excution-Start jou,129,Review Report Summary,MVP1-M04-128,AC-0241,[audit] Workspace report step: dynamic fields/conditional/validation/evidence/autosave — BUILT,MATCH,Source criterion is represented by the mapped acceptance evidence; no semantic exception identified in this review.
Inspection excution-Start jou,130,Lock Report After Submission,MVP1-M04-129,AC-0242,[audit] Workspace report step: dynamic fields/conditional/validation/evidence/autosave — BUILT,MATCH,Source criterion is represented by the mapped acceptance evidence; no semantic exception identified in this review.
Inspection excution-Start jou,131,Generate Report Audit Events,MVP1-M04-130,AC-0243,[audit] Workspace report step: dynamic fields/conditional/validation/evidence/autosave — BUILT,MATCH,Source criterion is represented by the mapped acceptance evidence; no semantic exception identified in this review.
Inspection excution-Start jou,132,Handle Report Errors,MVP1-M04-131,AC-0244,[audit] Workspace report step: dynamic fields/conditional/validation/evidence/autosave — BUILT,MATCH,Source criterion is represented by the mapped acceptance evidence; no semantic exception identified in this review.
Inspection excution-Start jou,133,Load Inspection Checklist,MVP1-M04-132,AC-0245,"[audit] Workspace checklist: items/categories/prev-answer, violations+penalties config — BUILT",MATCH,Source criterion is represented by the mapped acceptance evidence; no semantic exception identified in this review.
Inspection excution-Start jou,134,Load Inspection Categories,MVP1-M04-133,AC-0246,"[audit] Workspace checklist: items/categories/prev-answer, violations+penalties config — BUILT",MATCH,Source criterion is represented by the mapped acceptance evidence; no semantic exception identified in this review.
Inspection excution-Start jou,135,Load Required Inspection Items,MVP1-M04-134,AC-0247,"[audit] Workspace checklist: items/categories/prev-answer, violations+penalties config — BUILT",MATCH,Source criterion is represented by the mapped acceptance evidence; no semantic exception identified in this review.
Inspection excution-Start jou,136,Load Optional Inspection Items,MVP1-M04-135,AC-0248,"[audit] Workspace checklist: items/categories/prev-answer, violations+penalties config — BUILT",MATCH,Source criterion is represented by the mapped acceptance evidence; no semantic exception identified in this review.
Inspection excution-Start jou,137,Load Previous Inspection Answers,MVP1-M04-136,AC-0249,"[audit] Workspace checklist: items/categories/prev-answer, violations+penalties config — BUILT",MATCH,Source criterion is represented by the mapped acceptance evidence; no semantic exception identified in this review.
Inspection excution-Start jou,138,Load Previous Evidence,MVP1-M04-137,AC-0250,"[audit] Workspace checklist: items/categories/prev-answer, violations+penalties config — BUILT",MATCH,Source criterion is represented by the mapped acceptance evidence; no semantic exception identified in this review.
Inspection excution-Start jou,139,Display Inspection Item Details,MVP1-M04-138,AC-0251,"[audit] Workspace checklist: items/categories/prev-answer, violations+penalties config — BUILT",MATCH,Source criterion is represented by the mapped acceptance evidence; no semantic exception identified in this review.
Inspection excution-Start jou,140,Capture Inspection Response,MVP1-M04-139,AC-0252,"[audit] Workspace checklist: items/categories/prev-answer, violations+penalties config — BUILT",MATCH,Source criterion is represented by the mapped acceptance evidence; no semantic exception identified in this review.
Inspection excution-Start jou,141,Apply Response Validation,MVP1-M04-140,AC-0253,"[audit] Workspace checklist: items/categories/prev-answer, violations+penalties config — BUILT",MATCH,Source criterion is represented by the mapped acceptance evidence; no semantic exception identified in this review.
Inspection excution-Start jou,142,Evaluate Compliance Result,MVP1-M04-141,AC-0254,"[audit] Workspace checklist: items/categories/prev-answer, violations+penalties config — BUILT",MATCH,Source criterion is represented by the mapped acceptance evidence; no semantic exception identified in this review.
Inspection excution-Start jou,143,Generate Violation,MVP1-M04-142,AC-0255,"[audit] Workspace checklist: items/categories/prev-answer, violations+penalties config — BUILT",MATCH,Source criterion is represented by the mapped acceptance evidence; no semantic exception identified in this review.
Inspection excution-Start jou,144,Display Penalty,MVP1-M04-143,AC-0256,"[audit] Workspace checklist: items/categories/prev-answer, violations+penalties config — BUILT",MATCH,Source criterion is represented by the mapped acceptance evidence; no semantic exception identified in this review.
Inspection excution-Start jou,145,Display Corrective Action,MVP1-M04-144,AC-0257,"[audit] Workspace checklist: items/categories/prev-answer, violations+penalties config — BUILT",MATCH,Source criterion is represented by the mapped acceptance evidence; no semantic exception identified in this review.
Inspection excution-Start jou,146,Capture Inspector Comments,MVP1-M04-145,AC-0258,"[audit] Workspace checklist: items/categories/prev-answer, violations+penalties config — BUILT",MATCH,Source criterion is represented by the mapped acceptance evidence; no semantic exception identified in this review.
Inspection excution-Start jou,147,Attach Evidence to Inspection Item,MVP1-M04-146,AC-0259,"[audit] Workspace checklist: items/categories/prev-answer, violations+penalties config — BUILT",MATCH,Source criterion is represented by the mapped acceptance evidence; no semantic exception identified in this review.
Inspection excution-Start jou,148,Annotate Inspection Evidence,MVP1-M04-147,AC-0260,"[audit] Workspace checklist: items/categories/prev-answer, violations+penalties config — BUILT",MATCH,Source criterion is represented by the mapped acceptance evidence; no semantic exception identified in this review.
Inspection excution-Start jou,149,Track Checklist Progress,MVP1-M04-148,AC-0261,"[audit] Workspace checklist: items/categories/prev-answer, violations+penalties config — BUILT",MATCH,Source criterion is represented by the mapped acceptance evidence; no semantic exception identified in this review.
Inspection excution-Start jou,150,Review Checklist Summary,MVP1-M04-149,AC-0262,"[audit] Workspace checklist: items/categories/prev-answer, violations+penalties config — BUILT",MATCH,Source criterion is represented by the mapped acceptance evidence; no semantic exception identified in this review.
Inspection excution-Start jou,151,Save Checklist Draft,MVP1-M04-150,AC-0263,"[audit] Workspace checklist: items/categories/prev-answer, violations+penalties config — BUILT",MATCH,Source criterion is represented by the mapped acceptance evidence; no semantic exception identified in this review.
Inspection excution-Start jou,152,Lock Checklist After Submission,MVP1-M04-151,AC-0264,"[audit] Workspace checklist: items/categories/prev-answer, violations+penalties config — BUILT",MATCH,Source criterion is represented by the mapped acceptance evidence; no semantic exception identified in this review.
Inspection excution-Start jou,153,Generate Checklist Audit Events,MVP1-M04-152,AC-0265,"[audit] Workspace checklist: items/categories/prev-answer, violations+penalties config — BUILT",MATCH,Source criterion is represented by the mapped acceptance evidence; no semantic exception identified in this review.
Inspection excution-Start jou,154,Handle Checklist Errors,MVP1-M04-153,AC-0266,"[audit] Workspace checklist: items/categories/prev-answer, violations+penalties config — BUILT",MATCH,Source criterion is represented by the mapped acceptance evidence; no semantic exception identified in this review.
Inspection excution-Start jou,155,Upload Evidence,MVP1-M04-154,AC-0267,[audit] Workspace evidence: capture/compress/annotate/link/replace-archive/soft-delete — BUILT,MATCH,Source criterion is represented by the mapped acceptance evidence; no semantic exception identified in this review.
Inspection excution-Start jou,156,Select Evidence Source,MVP1-M04-155,AC-0268,[audit] Workspace evidence: capture/compress/annotate/link/replace-archive/soft-delete — BUILT,MATCH,Source criterion is represented by the mapped acceptance evidence; no semantic exception identified in this review.
Inspection excution-Start jou,157,Capture Photo,MVP1-M04-156,AC-0269,[audit] Workspace evidence: capture/compress/annotate/link/replace-archive/soft-delete — BUILT,MATCH,Source criterion is represented by the mapped acceptance evidence; no semantic exception identified in this review.
Inspection excution-Start jou,158,Capture Video,MVP1-M04-157,AC-0270,[audit] Workspace evidence: capture/compress/annotate/link/replace-archive/soft-delete — BUILT,MATCH,Source criterion is represented by the mapped acceptance evidence; no semantic exception identified in this review.
Inspection excution-Start jou,159,Upload Document,MVP1-M04-158,AC-0271,[audit] Workspace evidence: capture/compress/annotate/link/replace-archive/soft-delete — BUILT,MATCH,Source criterion is represented by the mapped acceptance evidence; no semantic exception identified in this review.
Inspection excution-Start jou,160,Add Evidence Comment,MVP1-M04-159,AC-0272,[audit] Workspace evidence: capture/compress/annotate/link/replace-archive/soft-delete — BUILT,MATCH,Source criterion is represented by the mapped acceptance evidence; no semantic exception identified in this review.
Inspection excution-Start jou,161,Annotate Image,MVP1-M04-160,AC-0273,[audit] Workspace evidence: capture/compress/annotate/link/replace-archive/soft-delete — BUILT,MATCH,Source criterion is represented by the mapped acceptance evidence; no semantic exception identified in this review.
Inspection excution-Start jou,162,Link Evidence,MVP1-M04-161,AC-0274,[audit] Workspace evidence: capture/compress/annotate/link/replace-archive/soft-delete — BUILT,MATCH,Source criterion is represented by the mapped acceptance evidence; no semantic exception identified in this review.
Inspection excution-Start jou,163,Preview Evidence,MVP1-M04-162,AC-0275,[audit] Workspace evidence: capture/compress/annotate/link/replace-archive/soft-delete — BUILT,MATCH,Source criterion is represented by the mapped acceptance evidence; no semantic exception identified in this review.
Inspection excution-Start jou,164,Replace Evidence,MVP1-M04-163,AC-0276,[audit] Workspace evidence: capture/compress/annotate/link/replace-archive/soft-delete — BUILT,MATCH,Source criterion is represented by the mapped acceptance evidence; no semantic exception identified in this review.
Inspection excution-Start jou,165,Delete Evidence,MVP1-M04-164,AC-0277,[audit] Workspace evidence: capture/compress/annotate/link/replace-archive/soft-delete — BUILT,MATCH,Source criterion is represented by the mapped acceptance evidence; no semantic exception identified in this review.
Inspection excution-Start jou,166,Validate Evidence,MVP1-M04-165,AC-0278,[audit] Workspace evidence: capture/compress/annotate/link/replace-archive/soft-delete — BUILT,MATCH,Source criterion is represented by the mapped acceptance evidence; no semantic exception identified in this review.
Inspection excution-Start jou,167,Compress Media,MVP1-M04-166,AC-0279,[audit] Workspace evidence: capture/compress/annotate/link/replace-archive/soft-delete — BUILT,MATCH,Source criterion is represented by the mapped acceptance evidence; no semantic exception identified in this review.
Inspection excution-Start jou,168,Offline Evidence Storage,MVP1-M04-167,AC-0280,[audit] Workspace evidence: capture/compress/annotate/link/replace-archive/soft-delete — BUILT,MATCH,Source criterion is represented by the mapped acceptance evidence; no semantic exception identified in this review.
Inspection excution-Start jou,169,Synchronize Evidence,MVP1-M04-168,AC-0281,[audit] Workspace evidence: capture/compress/annotate/link/replace-archive/soft-delete — BUILT,MATCH,Source criterion is represented by the mapped acceptance evidence; no semantic exception identified in this review.
Inspection excution-Start jou,170,Generate Evidence Audit,MVP1-M04-169,AC-0282,[audit] Workspace evidence: capture/compress/annotate/link/replace-archive/soft-delete — BUILT,MATCH,Source criterion is represented by the mapped acceptance evidence; no semantic exception identified in this review.
Inspection excution-Start jou,171,Handle Evidence Errors,MVP1-M04-170,AC-0283,[audit] Workspace evidence: capture/compress/annotate/link/replace-archive/soft-delete — BUILT,MATCH,Source criterion is represented by the mapped acceptance evidence; no semantic exception identified in this review.
Inspection excution-Start jou,172,Evaluate Action Form Triggers,MVP1-M04-171,AC-0284,[audit] Workspace action forms: trigger/instantiate/validate/complete/blocking/autosave — BUILT,MATCH,Source criterion is represented by the mapped acceptance evidence; no semantic exception identified in this review.
Inspection excution-Start jou,173,Generate Action Form,MVP1-M04-172,AC-0285,[audit] Workspace action forms: trigger/instantiate/validate/complete/blocking/autosave — BUILT,MATCH,Source criterion is represented by the mapped acceptance evidence; no semantic exception identified in this review.
Inspection excution-Start jou,174,Assign Action Form Type,MVP1-M04-173,AC-0286,[audit] Workspace action forms: trigger/instantiate/validate/complete/blocking/autosave — BUILT,MATCH,Source criterion is represented by the mapped acceptance evidence; no semantic exception identified in this review.
Inspection excution-Start jou,175,Load Action Form,MVP1-M04-174,AC-0287,[audit] Workspace action forms: trigger/instantiate/validate/complete/blocking/autosave — BUILT,MATCH,Source criterion is represented by the mapped acceptance evidence; no semantic exception identified in this review.
Inspection excution-Start jou,176,Render Dynamic Form Fields,MVP1-M04-175,AC-0288,[audit] Workspace action forms: trigger/instantiate/validate/complete/blocking/autosave — BUILT,MATCH,Source criterion is represented by the mapped acceptance evidence; no semantic exception identified in this review.
Inspection excution-Start jou,177,Apply Conditional Visibility,MVP1-M04-176,AC-0289,[audit] Workspace action forms: trigger/instantiate/validate/complete/blocking/autosave — BUILT,MATCH,Source criterion is represented by the mapped acceptance evidence; no semantic exception identified in this review.
Inspection excution-Start jou,178,Validate Mandatory Fields,MVP1-M04-177,AC-0290,[audit] Workspace action forms: trigger/instantiate/validate/complete/blocking/autosave — BUILT,MATCH,Source criterion is represented by the mapped acceptance evidence; no semantic exception identified in this review.
Inspection excution-Start jou,179,Capture Action Form Responses,MVP1-M04-178,AC-0291,[audit] Workspace action forms: trigger/instantiate/validate/complete/blocking/autosave — BUILT,MATCH,Source criterion is represented by the mapped acceptance evidence; no semantic exception identified in this review.
Inspection excution-Start jou,180,Attach Evidence to Action Form,MVP1-M04-179,AC-0292,[audit] Workspace action forms: trigger/instantiate/validate/complete/blocking/autosave — BUILT,MATCH,Source criterion is represented by the mapped acceptance evidence; no semantic exception identified in this review.
Inspection excution-Start jou,181,Capture Digital Signature,MVP1-M04-180,AC-0293,[audit] Workspace action forms: trigger/instantiate/validate/complete/blocking/autosave — BUILT,MATCH,Source criterion is represented by the mapped acceptance evidence; no semantic exception identified in this review.
Inspection excution-Start jou,182,Save Draft Action Form,MVP1-M04-181,AC-0294,[audit] Workspace action forms: trigger/instantiate/validate/complete/blocking/autosave — BUILT,MATCH,Source criterion is represented by the mapped acceptance evidence; no semantic exception identified in this review.
Inspection excution-Start jou,183,Auto Save Action Form,MVP1-M04-182,AC-0295,[audit] Workspace action forms: trigger/instantiate/validate/complete/blocking/autosave — BUILT,MATCH,Source criterion is represented by the mapped acceptance evidence; no semantic exception identified in this review.
Inspection excution-Start jou,184,Complete Action Form,MVP1-M04-183,AC-0296,[audit] Workspace action forms: trigger/instantiate/validate/complete/blocking/autosave — BUILT,MATCH,Source criterion is represented by the mapped acceptance evidence; no semantic exception identified in this review.
Inspection excution-Start jou,185,Update Wizard Progress,MVP1-M04-184,AC-0297,[audit] Workspace action forms: trigger/instantiate/validate/complete/blocking/autosave — BUILT,MATCH,Source criterion is represented by the mapped acceptance evidence; no semantic exception identified in this review.
Inspection excution-Start jou,186,Review Generated Action Forms,MVP1-M04-185,AC-0298,[audit] Workspace action forms: trigger/instantiate/validate/complete/blocking/autosave — BUILT,MATCH,Source criterion is represented by the mapped acceptance evidence; no semantic exception identified in this review.
Inspection excution-Start jou,187,Lock Action Forms After Submission,MVP1-M04-186,AC-0299,[audit] Workspace action forms: trigger/instantiate/validate/complete/blocking/autosave — BUILT,MATCH,Source criterion is represented by the mapped acceptance evidence; no semantic exception identified in this review.
Inspection excution-Start jou,188,Generate Action Form Audit Events,MVP1-M04-187,AC-0300,[audit] Workspace action forms: trigger/instantiate/validate/complete/blocking/autosave — BUILT,MATCH,Source criterion is represented by the mapped acceptance evidence; no semantic exception identified in this review.
Inspection excution-Start jou,189,Handle Action Form Errors,MVP1-M04-188,AC-0301,[audit] Workspace action forms: trigger/instantiate/validate/complete/blocking/autosave — BUILT,MATCH,Source criterion is represented by the mapped acceptance evidence; no semantic exception identified in this review.
Inspection excution-Start jou,190,Load Review Workspace,MVP1-M04-189,AC-0302,[audit] Workspace review: live summary/implied violations/grouped submit blockers — BUILT,MATCH,Source criterion is represented by the mapped acceptance evidence; no semantic exception identified in this review.
Inspection excution-Start jou,191,Review Factory Information,MVP1-M04-190,AC-0303,[audit] FactoryVerification change-review list: before/after + evidence per field — BUILT,MATCH,Source criterion is represented by the mapped acceptance evidence; no semantic exception identified in this review.
Inspection excution-Start jou,192,Review Inspection Report,MVP1-M04-191,AC-0304,[audit] Workspace review: live summary/implied violations/grouped submit blockers — BUILT,MATCH,Source criterion is represented by the mapped acceptance evidence; no semantic exception identified in this review.
Inspection excution-Start jou,193,Review Inspection Checklist,MVP1-M04-192,AC-0305,[audit] Workspace review: live summary/implied violations/grouped submit blockers — BUILT,MATCH,Source criterion is represented by the mapped acceptance evidence; no semantic exception identified in this review.
Inspection excution-Start jou,194,Review Violations,MVP1-M04-193,AC-0306,[audit] Workspace review: live summary/implied violations/grouped submit blockers — BUILT,MATCH,Source criterion is represented by the mapped acceptance evidence; no semantic exception identified in this review.
Inspection excution-Start jou,195,Review Penalties,MVP1-M04-194,AC-0307,[audit] Workspace review: live summary/implied violations/grouped submit blockers — BUILT,MATCH,Source criterion is represented by the mapped acceptance evidence; no semantic exception identified in this review.
Inspection excution-Start jou,196,Review Action Forms,MVP1-M04-195,AC-0308,[audit] Workspace review: live summary/implied violations/grouped submit blockers — BUILT,MATCH,Source criterion is represented by the mapped acceptance evidence; no semantic exception identified in this review.
Inspection excution-Start jou,197,Review Evidence,MVP1-M04-196,AC-0309,[audit] Workspace review: live summary/implied violations/grouped submit blockers — BUILT,MATCH,Source criterion is represented by the mapped acceptance evidence; no semantic exception identified in this review.
Inspection excution-Start jou,198,Review Signatures,MVP1-M04-197,AC-0310,[audit] Workspace review: live summary/implied violations/grouped submit blockers — BUILT,MATCH,Source criterion is represented by the mapped acceptance evidence; no semantic exception identified in this review.
Inspection excution-Start jou,199,Calculate Change Counter,MVP1-M04-198,AC-0311,[audit] Workspace review: live summary/implied violations/grouped submit blockers — BUILT,MATCH,Source criterion is represented by the mapped acceptance evidence; no semantic exception identified in this review.
Inspection excution-Start jou,200,Validate Mandatory Information,MVP1-M04-199,AC-0312,[audit] Workspace review: live summary/implied violations/grouped submit blockers — BUILT,MATCH,Source criterion is represented by the mapped acceptance evidence; no semantic exception identified in this review.
Inspection excution-Start jou,201,Display Validation Summary,MVP1-M04-200,AC-0313,[audit] Workspace review: live summary/implied violations/grouped submit blockers — BUILT,MATCH,Source criterion is represented by the mapped acceptance evidence; no semantic exception identified in this review.
Inspection excution-Start jou,202,Jump to Missing Section,MVP1-M04-201,AC-0314,[audit] Workspace review: live summary/implied violations/grouped submit blockers — BUILT,MATCH,Source criterion is represented by the mapped acceptance evidence; no semantic exception identified in this review.
Inspection excution-Start jou,203,Expand / Collapse Review Sections,MVP1-M04-202,AC-0315,[audit] Workspace review: live summary/implied violations/grouped submit blockers — BUILT,MATCH,Source criterion is represented by the mapped acceptance evidence; no semantic exception identified in this review.
Inspection excution-Start jou,204,Save Review Draft,MVP1-M04-203,AC-0316,[audit] Workspace review: live summary/implied violations/grouped submit blockers — BUILT,MATCH,Source criterion is represented by the mapped acceptance evidence; no semantic exception identified in this review.
Inspection excution-Start jou,205,Determine Submission Readiness,MVP1-M04-204,AC-0317,[audit] Workspace review: live summary/implied violations/grouped submit blockers — BUILT,MATCH,Source criterion is represented by the mapped acceptance evidence; no semantic exception identified in this review.
Inspection excution-Start jou,206,Generate Review Audit Events,MVP1-M04-205,AC-0318,[audit] Workspace review: live summary/implied violations/grouped submit blockers — BUILT,MATCH,Source criterion is represented by the mapped acceptance evidence; no semantic exception identified in this review.
Inspection excution-Start jou,207,Handle Review Errors,MVP1-M04-206,AC-0319,[audit] Workspace review: live summary/implied violations/grouped submit blockers — BUILT,MATCH,Source criterion is represented by the mapped acceptance evidence; no semantic exception identified in this review.
Inspection excution-Start jou,208,Submit Inspection,MVP1-M04-207,AC-0320,[audit] submit op: inspection_no trigger/freeze snapshot/PDF/workflow+reviewer notify trigger — BUILT,MATCH,Source criterion is represented by the mapped acceptance evidence; no semantic exception identified in this review.
Inspection excution-Start jou,209,Execute Final Validation,MVP1-M04-208,AC-0321,[audit] submit op: inspection_no trigger/freeze snapshot/PDF/workflow+reviewer notify trigger — BUILT,MATCH,Source criterion is represented by the mapped acceptance evidence; no semantic exception identified in this review.
Inspection excution-Start jou,210,Generate Inspection Reference Number,MVP1-M04-209,AC-0322,[audit] submit op: inspection_no trigger/freeze snapshot/PDF/workflow+reviewer notify trigger — BUILT,MATCH,Source criterion is represented by the mapped acceptance evidence; no semantic exception identified in this review.
Inspection excution-Start jou,211,Freeze Inspection Data,MVP1-M04-210,AC-0323,[audit] submit op: inspection_no trigger/freeze snapshot/PDF/workflow+reviewer notify trigger — BUILT,MATCH,Source criterion is represented by the mapped acceptance evidence; no semantic exception identified in this review.
Inspection excution-Start jou,212,Lock Inspection Package,MVP1-M04-211,AC-0324,[audit] submit op: inspection_no trigger/freeze snapshot/PDF/workflow+reviewer notify trigger — BUILT,MATCH,Source criterion is represented by the mapped acceptance evidence; no semantic exception identified in this review.
Inspection excution-Start jou,213,Finalize Evidence Repository,MVP1-M04-212,AC-0325,[audit] submit op: inspection_no trigger/freeze snapshot/PDF/workflow+reviewer notify trigger — BUILT,MATCH,Source criterion is represented by the mapped acceptance evidence; no semantic exception identified in this review.
Inspection excution-Start jou,214,Finalize Action Forms,MVP1-M04-213,AC-0326,[audit] submit op: inspection_no trigger/freeze snapshot/PDF/workflow+reviewer notify trigger — BUILT,MATCH,Source criterion is represented by the mapped acceptance evidence; no semantic exception identified in this review.
Inspection excution-Start jou,215,Generate Inspection Snapshot,MVP1-M04-214,AC-0327,[audit] submit op: inspection_no trigger/freeze snapshot/PDF/workflow+reviewer notify trigger — BUILT,MATCH,Source criterion is represented by the mapped acceptance evidence; no semantic exception identified in this review.
Inspection excution-Start jou,216,Generate Inspection PDF,MVP1-M04-215,AC-0328,[audit] submit op: inspection_no trigger/freeze snapshot/PDF/workflow+reviewer notify trigger — BUILT,MATCH,Source criterion is represented by the mapped acceptance evidence; no semantic exception identified in this review.
Inspection excution-Start jou,217,Update Workflow Status,MVP1-M04-216,AC-0329,[audit] submit op: inspection_no trigger/freeze snapshot/PDF/workflow+reviewer notify trigger — BUILT,MATCH,Source criterion is represented by the mapped acceptance evidence; no semantic exception identified in this review.
Inspection excution-Start jou,218,Update Operational State,MVP1-M04-217,AC-0330,[audit] submit op: inspection_no trigger/freeze snapshot/PDF/workflow+reviewer notify trigger — BUILT,MATCH,Source criterion is represented by the mapped acceptance evidence; no semantic exception identified in this review.
Inspection excution-Start jou,219,Assign Reviewer,MVP1-M04-218,AC-0331,[audit] submit op: inspection_no trigger/freeze snapshot/PDF/workflow+reviewer notify trigger — BUILT,MATCH,Source criterion is represented by the mapped acceptance evidence; no semantic exception identified in this review.
Inspection excution-Start jou,220,Notify Reviewer,MVP1-M04-219,AC-0332,[audit] submit op: inspection_no trigger/freeze snapshot/PDF/workflow+reviewer notify trigger — BUILT,NEEDS_REVIEW,"Source requires successful reviewer notification delivery; current evidence confirms the notification trigger, not provider delivery."
Inspection excution-Start jou,221,Notify Inspector,MVP1-M04-220,AC-0333,[audit] submit op: inspection_no trigger/freeze snapshot/PDF/workflow+reviewer notify trigger — BUILT,NEEDS_REVIEW,"Source requires the inspector to receive submission confirmation; current evidence confirms the notification trigger, not rendered or delivered confirmation."
Inspection excution-Start jou,222,Convert Inspection to Read-Only,MVP1-M04-221,AC-0334,[audit] submit op: inspection_no trigger/freeze snapshot/PDF/workflow+reviewer notify trigger — BUILT,MATCH,Source criterion is represented by the mapped acceptance evidence; no semantic exception identified in this review.
Inspection excution-Start jou,223,Generate Submission Audit Events,MVP1-M04-222,AC-0335,[audit] submit op: inspection_no trigger/freeze snapshot/PDF/workflow+reviewer notify trigger — BUILT,MATCH,Source criterion is represented by the mapped acceptance evidence; no semantic exception identified in this review.
Inspection excution-Start jou,224,Handle Submission Failures,MVP1-M04-223,AC-0336,[audit] submit op: inspection_no trigger/freeze snapshot/PDF/workflow+reviewer notify trigger — BUILT,MATCH,Source criterion is represented by the mapped acceptance evidence; no semantic exception identified in this review.
