source_id,design_file,logical_path,size_bytes,sha256,authority,version,external_storage_pointer,git_storage,duplicate_of,verified_date
SRC-DES-001,SAQEEL AI Studio.dc.html,MIM_Inspection_Web_Admin_Codex_Plan_Starter.zip!/02_APPROVED_DESIGN_EXPORTS.zip!/SAQEEL AI Studio.dc.html,16675,46ab61765ed06a2c0d62c742eb211fc6755e2a563b18c9b693150961c8006fc6,PRIMARY_TARGET_DESIGN,PRODUCT_OWNER_SUPPLIED_2026-07-23,/Users/vikramindla/Attachment dump/MIM_Inspection_Web_Admin_Codex_Plan_Starter.zip,PROHIBITED_BINARY_EXTERNAL_ONLY,,2026-07-23
SRC-DES-002,SAQEEL Admin Detail.dc.html,MIM_Inspection_Web_Admin_Codex_Plan_Starter.zip!/02_APPROVED_DESIGN_EXPORTS.zip!/SAQEEL Admin Detail.dc.html,27541,65b98dfc952d2737260c5c49f432c74cdb85a18f1fdec3e0f2af29ac9dea957d,PRIMARY_TARGET_DESIGN,PRODUCT_OWNER_SUPPLIED_2026-07-23,/Users/vikramindla/Attachment dump/MIM_Inspection_Web_Admin_Codex_Plan_Starter.zip,PROHIBITED_BINARY_EXTERNAL_ONLY,,2026-07-23
SRC-DES-003,SAQEEL Admin Execution.dc.html,MIM_Inspection_Web_Admin_Codex_Plan_Starter.zip!/02_APPROVED_DESIGN_EXPORTS.zip!/SAQEEL Admin Execution.dc.html,13248,47a54a5b2dc9863310496ccbd14695bdc9795b887ed8b29256a2fd712047c0b8,PRIMARY_TARGET_DESIGN,PRODUCT_OWNER_SUPPLIED_2026-07-23,/Users/vikramindla/Attachment dump/MIM_Inspection_Web_Admin_Codex_Plan_Starter.zip,PROHIBITED_BINARY_EXTERNAL_ONLY,,2026-07-23
SRC-DES-004,SAQEEL Admin Extended.dc.html,MIM_Inspection_Web_Admin_Codex_Plan_Starter.zip!/02_APPROVED_DESIGN_EXPORTS.zip!/SAQEEL Admin Extended.dc.html,21561,b2ff11c538430f6f045ba66cf992cbcbc53897c0a62db1db98e30e3c811b19fc,PRIMARY_TARGET_DESIGN,PRODUCT_OWNER_SUPPLIED_2026-07-23,/Users/vikramindla/Attachment dump/MIM_Inspection_Web_Admin_Codex_Plan_Starter.zip,PROHIBITED_BINARY_EXTERNAL_ONLY,,2026-07-23
SRC-DES-005,SAQEEL Admin Form Builder.dc.html,MIM_Inspection_Web_Admin_Codex_Plan_Starter.zip!/02_APPROVED_DESIGN_EXPORTS.zip!/SAQEEL Admin Form Builder.dc.html,14334,9f33c90405b4b134756848ebe4a6c7fc5a4df29e0a411d4cbb369d1e6583b5f0,PRIMARY_TARGET_DESIGN,PRODUCT_OWNER_SUPPLIED_2026-07-23,/Users/vikramindla/Attachment dump/MIM_Inspection_Web_Admin_Codex_Plan_Starter.zip,PROHIBITED_BINARY_EXTERNAL_ONLY,,2026-07-23
SRC-DES-006,SAQEEL Admin Geofence.dc.html,MIM_Inspection_Web_Admin_Codex_Plan_Starter.zip!/02_APPROVED_DESIGN_EXPORTS.zip!/SAQEEL Admin Geofence.dc.html,10141,39c768e8e3dbe588cc8424306d7eab1c387fd51392bb76d6a78afd8e3bdaf956,PRIMARY_TARGET_DESIGN,PRODUCT_OWNER_SUPPLIED_2026-07-23,/Users/vikramindla/Attachment dump/MIM_Inspection_Web_Admin_Codex_Plan_Starter.zip,PROHIBITED_BINARY_EXTERNAL_ONLY,,2026-07-23
SRC-DES-007,SAQEEL Admin Integrations Data.dc.html,MIM_Inspection_Web_Admin_Codex_Plan_Starter.zip!/02_APPROVED_DESIGN_EXPORTS.zip!/SAQEEL Admin Integrations Data.dc.html,12588,a35484895fbb0965ef63f42842a832c7dcd69a164069e1f0e059a1fae17f049b,PRIMARY_TARGET_DESIGN,PRODUCT_OWNER_SUPPLIED_2026-07-23,/Users/vikramindla/Attachment dump/MIM_Inspection_Web_Admin_Codex_Plan_Starter.zip,PROHIBITED_BINARY_EXTERNAL_ONLY,,2026-07-23
SRC-DES-008,SAQEEL Admin Integrations.dc.html,MIM_Inspection_Web_Admin_Codex_Plan_Starter.zip!/02_APPROVED_DESIGN_EXPORTS.zip!/SAQEEL Admin Integrations.dc.html,9039,c5c61acd5b854928b4972fbf6122381a7c0f11dcdb6fbaa018f08fdba954be55,PRIMARY_TARGET_DESIGN,PRODUCT_OWNER_SUPPLIED_2026-07-23,/Users/vikramindla/Attachment dump/MIM_Inspection_Web_Admin_Codex_Plan_Starter.zip,PROHIBITED_BINARY_EXTERNAL_ONLY,,2026-07-23
SRC-DES-009,SAQEEL Admin Lookups copy.dc.html,MIM_Inspection_Web_Admin_Codex_Plan_Starter.zip!/02_APPROVED_DESIGN_EXPORTS.zip!/SAQEEL Admin Lookups copy.dc.html,12358,11867bb534b7c318d7689b0300e6b59c485db8a5daab009a3c904851d222d91d,PRIMARY_TARGET_DESIGN,PRODUCT_OWNER_SUPPLIED_2026-07-23,/Users/vikramindla/Attachment dump/MIM_Inspection_Web_Admin_Codex_Plan_Starter.zip,PROHIBITED_BINARY_EXTERNAL_ONLY,SAQEEL Admin Lookups.dc.html,2026-07-23
SRC-DES-010,SAQEEL Admin Lookups.dc.html,MIM_Inspection_Web_Admin_Codex_Plan_Starter.zip!/02_APPROVED_DESIGN_EXPORTS.zip!/SAQEEL Admin Lookups.dc.html,12358,11867bb534b7c318d7689b0300e6b59c485db8a5daab009a3c904851d222d91d,PRIMARY_TARGET_DESIGN,PRODUCT_OWNER_SUPPLIED_2026-07-23,/Users/vikramindla/Attachment dump/MIM_Inspection_Web_Admin_Codex_Plan_Starter.zip,PROHIBITED_BINARY_EXTERNAL_ONLY,,2026-07-23
SRC-DES-011,SAQEEL Admin Role Override.dc.html,MIM_Inspection_Web_Admin_Codex_Plan_Starter.zip!/02_APPROVED_DESIGN_EXPORTS.zip!/SAQEEL Admin Role Override.dc.html,10979,98827572052bf6157e8fe4710cd6de7d49bc49459dd82aa324d14d159b4f58bd,PRIMARY_TARGET_DESIGN,PRODUCT_OWNER_SUPPLIED_2026-07-23,/Users/vikramindla/Attachment dump/MIM_Inspection_Web_Admin_Codex_Plan_Starter.zip,PROHIBITED_BINARY_EXTERNAL_ONLY,,2026-07-23
SRC-DES-012,SAQEEL Admin SENAI Data.dc.html,MIM_Inspection_Web_Admin_Codex_Plan_Starter.zip!/02_APPROVED_DESIGN_EXPORTS.zip!/SAQEEL Admin SENAI Data.dc.html,16212,022f61284e1aef160f917f7ba29d6609793abad4794b4b2c282af327b819846e,PRIMARY_TARGET_DESIGN,PRODUCT_OWNER_SUPPLIED_2026-07-23,/Users/vikramindla/Attachment dump/MIM_Inspection_Web_Admin_Codex_Plan_Starter.zip,PROHIBITED_BINARY_EXTERNAL_ONLY,,2026-07-23
SRC-DES-013,SAQEEL Admin Virtual Premium.dc.html,MIM_Inspection_Web_Admin_Codex_Plan_Starter.zip!/02_APPROVED_DESIGN_EXPORTS.zip!/SAQEEL Admin Virtual Premium.dc.html,9732,c9c92409ac52cac2774f9fd5553a1a3a0c689d5f5c04c462ca4a3b0875f2434c,PRIMARY_TARGET_DESIGN,PRODUCT_OWNER_SUPPLIED_2026-07-23,/Users/vikramindla/Attachment dump/MIM_Inspection_Web_Admin_Codex_Plan_Starter.zip,PROHIBITED_BINARY_EXTERNAL_ONLY,,2026-07-23
SRC-DES-014,SAQEEL Admin Workflow Builder.dc.html,MIM_Inspection_Web_Admin_Codex_Plan_Starter.zip!/02_APPROVED_DESIGN_EXPORTS.zip!/SAQEEL Admin Workflow Builder.dc.html,12723,36ad28c22b36d9bc9d2841049af609491bccaaaeeed760888bb7a7fc6140f65c,PRIMARY_TARGET_DESIGN,PRODUCT_OWNER_SUPPLIED_2026-07-23,/Users/vikramindla/Attachment dump/MIM_Inspection_Web_Admin_Codex_Plan_Starter.zip,PROHIBITED_BINARY_EXTERNAL_ONLY,,2026-07-23
SRC-DES-015,SAQEEL Admin.dc.html,MIM_Inspection_Web_Admin_Codex_Plan_Starter.zip!/02_APPROVED_DESIGN_EXPORTS.zip!/SAQEEL Admin.dc.html,42071,d55f882c7fa83b7a70865de250a16e47e413a2f7742fb5d41233985304d853c3,PRIMARY_TARGET_DESIGN,PRODUCT_OWNER_SUPPLIED_2026-07-23,/Users/vikramindla/Attachment dump/MIM_Inspection_Web_Admin_Codex_Plan_Starter.zip,PROHIBITED_BINARY_EXTERNAL_ONLY,,2026-07-23
SRC-DES-016,SAQEEL Auth States.dc.html,MIM_Inspection_Web_Admin_Codex_Plan_Starter.zip!/02_APPROVED_DESIGN_EXPORTS.zip!/SAQEEL Auth States.dc.html,10088,20aad04a20de9a7b489a86db800e6106d94f10abc7423f3fc0c30c9832371f1e,PRIMARY_TARGET_DESIGN,PRODUCT_OWNER_SUPPLIED_2026-07-23,/Users/vikramindla/Attachment dump/MIM_Inspection_Web_Admin_Codex_Plan_Starter.zip,PROHIBITED_BINARY_EXTERNAL_ONLY,,2026-07-23
SRC-DES-017,SAQEEL Cases.dc.html,MIM_Inspection_Web_Admin_Codex_Plan_Starter.zip!/02_APPROVED_DESIGN_EXPORTS.zip!/SAQEEL Cases.dc.html,16519,7226c73e7a9d735391bdeb947db408cc79b1a6d0d7f6fd6ae6de61eb47aa7f86,PRIMARY_TARGET_DESIGN,PRODUCT_OWNER_SUPPLIED_2026-07-23,/Users/vikramindla/Attachment dump/MIM_Inspection_Web_Admin_Codex_Plan_Starter.zip,PROHIBITED_BINARY_EXTERNAL_ONLY,,2026-07-23
SRC-DES-018,SAQEEL Committee.dc.html,MIM_Inspection_Web_Admin_Codex_Plan_Starter.zip!/02_APPROVED_DESIGN_EXPORTS.zip!/SAQEEL Committee.dc.html,13334,4cc526547a11783b769b1ebe24937d60cf0af10b7c450c40995644a49cd964ae,PRIMARY_TARGET_DESIGN,PRODUCT_OWNER_SUPPLIED_2026-07-23,/Users/vikramindla/Attachment dump/MIM_Inspection_Web_Admin_Codex_Plan_Starter.zip,PROHIBITED_BINARY_EXTERNAL_ONLY,,2026-07-23
SRC-DES-019,SAQEEL Compliance Requests.dc.html,MIM_Inspection_Web_Admin_Codex_Plan_Starter.zip!/02_APPROVED_DESIGN_EXPORTS.zip!/SAQEEL Compliance Requests.dc.html,12557,05332be7bf0ed96a70f58507aa183f2f3010adada28938bf70466fa4038fad18,PRIMARY_TARGET_DESIGN,PRODUCT_OWNER_SUPPLIED_2026-07-23,/Users/vikramindla/Attachment dump/MIM_Inspection_Web_Admin_Codex_Plan_Starter.zip,PROHIBITED_BINARY_EXTERNAL_ONLY,,2026-07-23
SRC-DES-020,SAQEEL Control Panel.dc.html,MIM_Inspection_Web_Admin_Codex_Plan_Starter.zip!/02_APPROVED_DESIGN_EXPORTS.zip!/SAQEEL Control Panel.dc.html,17009,387114f67318fc3d8d0022b72f711a4b952dce588a66ba5875fd8a5d675125d2,PRIMARY_TARGET_DESIGN,PRODUCT_OWNER_SUPPLIED_2026-07-23,/Users/vikramindla/Attachment dump/MIM_Inspection_Web_Admin_Codex_Plan_Starter.zip,PROHIBITED_BINARY_EXTERNAL_ONLY,,2026-07-23
SRC-DES-021,SAQEEL Dashboard Config.dc.html,MIM_Inspection_Web_Admin_Codex_Plan_Starter.zip!/02_APPROVED_DESIGN_EXPORTS.zip!/SAQEEL Dashboard Config.dc.html,9686,f4e52ffe845f1e7c8ca2b6d46f8097db7c6981aa1e7346ea42ec2fae892fa8ed,PRIMARY_TARGET_DESIGN,PRODUCT_OWNER_SUPPLIED_2026-07-23,/Users/vikramindla/Attachment dump/MIM_Inspection_Web_Admin_Codex_Plan_Starter.zip,PROHIBITED_BINARY_EXTERNAL_ONLY,,2026-07-23
SRC-DES-022,SAQEEL Design System.dc.html,MIM_Inspection_Web_Admin_Codex_Plan_Starter.zip!/02_APPROVED_DESIGN_EXPORTS.zip!/SAQEEL Design System.dc.html,115322,85da98476e91038a150b10ecb9b4e45a7f322564187de4f91d48d32e441f9921,PRIMARY_TARGET_DESIGN,PRODUCT_OWNER_SUPPLIED_2026-07-23,/Users/vikramindla/Attachment dump/MIM_Inspection_Web_Admin_Codex_Plan_Starter.zip,PROHIBITED_BINARY_EXTERNAL_ONLY,,2026-07-23
SRC-DES-023,SAQEEL Enforcement.dc.html,MIM_Inspection_Web_Admin_Codex_Plan_Starter.zip!/02_APPROVED_DESIGN_EXPORTS.zip!/SAQEEL Enforcement.dc.html,15480,64e1bb6e90d468451e48c538b0abf0a97b1da81033e5fe8d75273581d3cb0925,PRIMARY_TARGET_DESIGN,PRODUCT_OWNER_SUPPLIED_2026-07-23,/Users/vikramindla/Attachment dump/MIM_Inspection_Web_Admin_Codex_Plan_Starter.zip,PROHIBITED_BINARY_EXTERNAL_ONLY,,2026-07-23
SRC-DES-024,SAQEEL Evidence OCR.dc.html,MIM_Inspection_Web_Admin_Codex_Plan_Starter.zip!/02_APPROVED_DESIGN_EXPORTS.zip!/SAQEEL Evidence OCR.dc.html,10646,d729de4625e3f95eb779ee0e190ddeba53d707cea2890c60cfcf38bf4c36d1b4,PRIMARY_TARGET_DESIGN,PRODUCT_OWNER_SUPPLIED_2026-07-23,/Users/vikramindla/Attachment dump/MIM_Inspection_Web_Admin_Codex_Plan_Starter.zip,PROHIBITED_BINARY_EXTERNAL_ONLY,,2026-07-23
SRC-DES-025,SAQEEL Executive Overview.html,MIM_Inspection_Web_Admin_Codex_Plan_Starter.zip!/02_APPROVED_DESIGN_EXPORTS.zip!/SAQEEL Executive Overview.html,19504,0722d7438792a332fd533aae3c9276c54547ee29e1e7c9d80c5af17c47d078e1,PRIMARY_TARGET_DESIGN,PRODUCT_OWNER_SUPPLIED_2026-07-23,/Users/vikramindla/Attachment dump/MIM_Inspection_Web_Admin_Codex_Plan_Starter.zip,PROHIBITED_BINARY_EXTERNAL_ONLY,,2026-07-23
SRC-DES-026,SAQEEL Factories.dc.html,MIM_Inspection_Web_Admin_Codex_Plan_Starter.zip!/02_APPROVED_DESIGN_EXPORTS.zip!/SAQEEL Factories.dc.html,11275,b6fbf963aee937be7cf40b8df65862b10a88ccd8a89dd3ac5a6021a87f2244c6,PRIMARY_TARGET_DESIGN,PRODUCT_OWNER_SUPPLIED_2026-07-23,/Users/vikramindla/Attachment dump/MIM_Inspection_Web_Admin_Codex_Plan_Starter.zip,PROHIBITED_BINARY_EXTERNAL_ONLY,,2026-07-23
SRC-DES-027,SAQEEL Factory 360.dc.html,MIM_Inspection_Web_Admin_Codex_Plan_Starter.zip!/02_APPROVED_DESIGN_EXPORTS.zip!/SAQEEL Factory 360.dc.html,29251,680c838cde826e24d1ad53ac4438a4de06379e0cf07605d30ad3d1d1a2392d77,PRIMARY_TARGET_DESIGN,PRODUCT_OWNER_SUPPLIED_2026-07-23,/Users/vikramindla/Attachment dump/MIM_Inspection_Web_Admin_Codex_Plan_Starter.zip,PROHIBITED_BINARY_EXTERNAL_ONLY,,2026-07-23
SRC-DES-028,SAQEEL Feedback.dc.html,MIM_Inspection_Web_Admin_Codex_Plan_Starter.zip!/02_APPROVED_DESIGN_EXPORTS.zip!/SAQEEL Feedback.dc.html,26951,ed0489f3337705afaf3ea4065e05e8fc10e70bc9ef1bfd67fb4fde1fe2661430,PRIMARY_TARGET_DESIGN,PRODUCT_OWNER_SUPPLIED_2026-07-23,/Users/vikramindla/Attachment dump/MIM_Inspection_Web_Admin_Codex_Plan_Starter.zip,PROHIBITED_BINARY_EXTERNAL_ONLY,,2026-07-23
SRC-DES-029,SAQEEL Incident Reports.dc.html,MIM_Inspection_Web_Admin_Codex_Plan_Starter.zip!/02_APPROVED_DESIGN_EXPORTS.zip!/SAQEEL Incident Reports.dc.html,8016,38623bb5aa5100c3e1d984cf4ec9fbff6d39e432ac4d0421f4fa253ebdacfd44,PRIMARY_TARGET_DESIGN,PRODUCT_OWNER_SUPPLIED_2026-07-23,/Users/vikramindla/Attachment dump/MIM_Inspection_Web_Admin_Codex_Plan_Starter.zip,PROHIBITED_BINARY_EXTERNAL_ONLY,,2026-07-23
SRC-DES-030,SAQEEL Inspection Report.dc.html,MIM_Inspection_Web_Admin_Codex_Plan_Starter.zip!/02_APPROVED_DESIGN_EXPORTS.zip!/SAQEEL Inspection Report.dc.html,10671,fb0f9621090f63a116d0c93afdc741f614e0c7e34a51064d6c1a33a955f00f4a,PRIMARY_TARGET_DESIGN,PRODUCT_OWNER_SUPPLIED_2026-07-23,/Users/vikramindla/Attachment dump/MIM_Inspection_Web_Admin_Codex_Plan_Starter.zip,PROHIBITED_BINARY_EXTERNAL_ONLY,,2026-07-23
SRC-DES-031,SAQEEL KPI Management.dc.html,MIM_Inspection_Web_Admin_Codex_Plan_Starter.zip!/02_APPROVED_DESIGN_EXPORTS.zip!/SAQEEL KPI Management.dc.html,18885,1736d9c5f20d1b29ea530b756565e0802019a1356a323da4bed93d268645537c,PRIMARY_TARGET_DESIGN,PRODUCT_OWNER_SUPPLIED_2026-07-23,/Users/vikramindla/Attachment dump/MIM_Inspection_Web_Admin_Codex_Plan_Starter.zip,PROHIBITED_BINARY_EXTERNAL_ONLY,,2026-07-23
SRC-DES-032,SAQEEL Login.dc.html,MIM_Inspection_Web_Admin_Codex_Plan_Starter.zip!/02_APPROVED_DESIGN_EXPORTS.zip!/SAQEEL Login.dc.html,15163,71aa3449afd322c4cf7f8f9715cd1dd8fa2d33349c8f57cd6c22ee14d164b41b,PRIMARY_TARGET_DESIGN,PRODUCT_OWNER_SUPPLIED_2026-07-23,/Users/vikramindla/Attachment dump/MIM_Inspection_Web_Admin_Codex_Plan_Starter.zip,PROHIBITED_BINARY_EXTERNAL_ONLY,,2026-07-23
SRC-DES-033,SAQEEL Operations Center.dc.html,MIM_Inspection_Web_Admin_Codex_Plan_Starter.zip!/02_APPROVED_DESIGN_EXPORTS.zip!/SAQEEL Operations Center.dc.html,21744,ea9dce0b775ba69eb1bea3ebe7a35c076de316c18f1b955b5b3d8a2e8c7988e1,PRIMARY_TARGET_DESIGN,PRODUCT_OWNER_SUPPLIED_2026-07-23,/Users/vikramindla/Attachment dump/MIM_Inspection_Web_Admin_Codex_Plan_Starter.zip,PROHIBITED_BINARY_EXTERNAL_ONLY,,2026-07-23
SRC-DES-034,SAQEEL Operations Live.dc.html,MIM_Inspection_Web_Admin_Codex_Plan_Starter.zip!/02_APPROVED_DESIGN_EXPORTS.zip!/SAQEEL Operations Live.dc.html,10021,157b68c8ba4bbbdba4f61265b25ff98d097a810e5acb42f2aef67f4b4403452d,PRIMARY_TARGET_DESIGN,PRODUCT_OWNER_SUPPLIED_2026-07-23,/Users/vikramindla/Attachment dump/MIM_Inspection_Web_Admin_Codex_Plan_Starter.zip,PROHIBITED_BINARY_EXTERNAL_ONLY,,2026-07-23
SRC-DES-035,SAQEEL Planning Identity.dc.html,MIM_Inspection_Web_Admin_Codex_Plan_Starter.zip!/02_APPROVED_DESIGN_EXPORTS.zip!/SAQEEL Planning Identity.dc.html,11576,6ea3efa9038b10c1cd9ef5a401b767748fc3e12110f6526f6a53939a307b2d92,PRIMARY_TARGET_DESIGN,PRODUCT_OWNER_SUPPLIED_2026-07-23,/Users/vikramindla/Attachment dump/MIM_Inspection_Web_Admin_Codex_Plan_Starter.zip,PROHIBITED_BINARY_EXTERNAL_ONLY,,2026-07-23
SRC-DES-036,SAQEEL Planning.dc.html,MIM_Inspection_Web_Admin_Codex_Plan_Starter.zip!/02_APPROVED_DESIGN_EXPORTS.zip!/SAQEEL Planning.dc.html,23039,7ba9a7e44e30791fa1a1f2e2ef50927022ee517b941413ad3ad13b2ac8abd560,PRIMARY_TARGET_DESIGN,PRODUCT_OWNER_SUPPLIED_2026-07-23,/Users/vikramindla/Attachment dump/MIM_Inspection_Web_Admin_Codex_Plan_Starter.zip,PROHIBITED_BINARY_EXTERNAL_ONLY,,2026-07-23
SRC-DES-037,SAQEEL Portal.dc.html,MIM_Inspection_Web_Admin_Codex_Plan_Starter.zip!/02_APPROVED_DESIGN_EXPORTS.zip!/SAQEEL Portal.dc.html,9735,8488602449447bd70251338176f7c60ddf7a7d0890146672fe2836f51efee813,PRIMARY_TARGET_DESIGN,PRODUCT_OWNER_SUPPLIED_2026-07-23,/Users/vikramindla/Attachment dump/MIM_Inspection_Web_Admin_Codex_Plan_Starter.zip,PROHIBITED_BINARY_EXTERNAL_ONLY,,2026-07-23
SRC-DES-038,SAQEEL Profile.dc.html,MIM_Inspection_Web_Admin_Codex_Plan_Starter.zip!/02_APPROVED_DESIGN_EXPORTS.zip!/SAQEEL Profile.dc.html,7811,bb14b46a8d9966b9ee8901408868c1c220a88df744025989df43bb4e4ed8eeea,PRIMARY_TARGET_DESIGN,PRODUCT_OWNER_SUPPLIED_2026-07-23,/Users/vikramindla/Attachment dump/MIM_Inspection_Web_Admin_Codex_Plan_Starter.zip,PROHIBITED_BINARY_EXTERNAL_ONLY,,2026-07-23
SRC-DES-039,SAQEEL Review & Approval.dc.html,MIM_Inspection_Web_Admin_Codex_Plan_Starter.zip!/02_APPROVED_DESIGN_EXPORTS.zip!/SAQEEL Review & Approval.dc.html,25566,9d0e62bfe8208c5e122bc7d7142e8ebc457cbfaf5e21d16b5dac8de9f3e6da3e,PRIMARY_TARGET_DESIGN,PRODUCT_OWNER_SUPPLIED_2026-07-23,/Users/vikramindla/Attachment dump/MIM_Inspection_Web_Admin_Codex_Plan_Starter.zip,PROHIBITED_BINARY_EXTERNAL_ONLY,,2026-07-23
SRC-DES-040,SAQEEL Risk.dc.html,MIM_Inspection_Web_Admin_Codex_Plan_Starter.zip!/02_APPROVED_DESIGN_EXPORTS.zip!/SAQEEL Risk.dc.html,16193,e1a9adee84aa2e2923c3513feb0994808781157c57ab250a084fc5d18e5fb50f,PRIMARY_TARGET_DESIGN,PRODUCT_OWNER_SUPPLIED_2026-07-23,/Users/vikramindla/Attachment dump/MIM_Inspection_Web_Admin_Codex_Plan_Starter.zip,PROHIBITED_BINARY_EXTERNAL_ONLY,,2026-07-23
SRC-DES-041,SAQEEL States System.dc.html,MIM_Inspection_Web_Admin_Codex_Plan_Starter.zip!/02_APPROVED_DESIGN_EXPORTS.zip!/SAQEEL States System.dc.html,14928,9e78eb7ced8d9b43096d2346a8925534feeecd30c748cc48f70a86a17f4b5d9a,PRIMARY_TARGET_DESIGN,PRODUCT_OWNER_SUPPLIED_2026-07-23,/Users/vikramindla/Attachment dump/MIM_Inspection_Web_Admin_Codex_Plan_Starter.zip,PROHIBITED_BINARY_EXTERNAL_ONLY,,2026-07-23
SRC-DES-042,SAQEEL Tasks.dc.html,MIM_Inspection_Web_Admin_Codex_Plan_Starter.zip!/02_APPROVED_DESIGN_EXPORTS.zip!/SAQEEL Tasks.dc.html,14102,b97ff987d88c9c2728d703708d2826c0fe200b3a5963e0d76c0659376317ff37,PRIMARY_TARGET_DESIGN,PRODUCT_OWNER_SUPPLIED_2026-07-23,/Users/vikramindla/Attachment dump/MIM_Inspection_Web_Admin_Codex_Plan_Starter.zip,PROHIBITED_BINARY_EXTERNAL_ONLY,,2026-07-23
SRC-DES-043,SAQEEL Users Roles.dc.html,MIM_Inspection_Web_Admin_Codex_Plan_Starter.zip!/02_APPROVED_DESIGN_EXPORTS.zip!/SAQEEL Users Roles.dc.html,16534,9d4e9879d7f2d4fd39a47895c9f746d99cbb3b3030aa033009889c7ada82a6b6,PRIMARY_TARGET_DESIGN,PRODUCT_OWNER_SUPPLIED_2026-07-23,/Users/vikramindla/Attachment dump/MIM_Inspection_Web_Admin_Codex_Plan_Starter.zip,PROHIBITED_BINARY_EXTERNAL_ONLY,,2026-07-23
SRC-DES-044,SAQEEL Virtual.dc.html,MIM_Inspection_Web_Admin_Codex_Plan_Starter.zip!/02_APPROVED_DESIGN_EXPORTS.zip!/SAQEEL Virtual.dc.html,15594,8b7130d61c7ba550a385c26f590fc963363b3f9a40487c438294ac680e01a199,PRIMARY_TARGET_DESIGN,PRODUCT_OWNER_SUPPLIED_2026-07-23,/Users/vikramindla/Attachment dump/MIM_Inspection_Web_Admin_Codex_Plan_Starter.zip,PROHIBITED_BINARY_EXTERNAL_ONLY,,2026-07-23
SRC-DES-045,SAQEEL Visits.dc.html,MIM_Inspection_Web_Admin_Codex_Plan_Starter.zip!/02_APPROVED_DESIGN_EXPORTS.zip!/SAQEEL Visits.dc.html,28502,74fc7af27cfa7ce7a3f458ae42ac5464aefcfa79471eb8c9f2f9b083ba25e2d2,PRIMARY_TARGET_DESIGN,PRODUCT_OWNER_SUPPLIED_2026-07-23,/Users/vikramindla/Attachment dump/MIM_Inspection_Web_Admin_Codex_Plan_Starter.zip,PROHIBITED_BINARY_EXTERNAL_ONLY,,2026-07-23
SRC-DES-046,SAQEEL Web Dashboard.dc.html,MIM_Inspection_Web_Admin_Codex_Plan_Starter.zip!/02_APPROVED_DESIGN_EXPORTS.zip!/SAQEEL Web Dashboard.dc.html,47089,d84d2a7cb916d0095954b005b096bc5c9342c848f649fb8c07b37ab0bcbc7088,PRIMARY_TARGET_DESIGN,PRODUCT_OWNER_SUPPLIED_2026-07-23,/Users/vikramindla/Attachment dump/MIM_Inspection_Web_Admin_Codex_Plan_Starter.zip,PROHIBITED_BINARY_EXTERNAL_ONLY,,2026-07-23
