requirement_id,requirement_category,source_document,source_location,exact_requirement,business_rule,acceptance_criterion,api_endpoint,api_field,current_code_location,current_database_object,current_state,preservation_requirement,positive_delta,target_module,target_schema,target_route,target_component,integration_source,permission,implementation_status,functional_verification,evidence_reference,external_blocker,exception_reason,agent_owner,commit_sha,last_updated_at,process_id,screen_id,engine_id,cross_map_id,negative_path,evidence_id
F360-BR-001,Business Rule,Factory_360_Specification_v2.0.docx,Page 2,One Commercial Registration may contain multiple Industrial Licenses.,One Commercial Registration may contain multiple Industrial Licenses.,,,,,,DISCOVERED,,,,,,,,,CODE_COMPLETE,STATIC_AND_SQL_CONTRACT_PASS,product-contract/evidence/TASK-FACTORY-360-COMPLETE-010.md,,,Codex,a92dd9f49e7df50af606ed16881c09954161c528,2026-07-20,P12,SCR-WEB-400,ENG-04;ENG-06;ENG-07;ENG-08;ENG-09;ENG-11;ENG-12,MVP1-M07-003;MVP1-M07-004,"Requirement is absent, unauthorized, stale, incorrectly aggregated, or a dependent provider fails; render a controlled truthful state.",F360-EV-003
F360-BR-002,Business Rule,Factory_360_Specification_v2.0.docx,Page 2,One Industrial License represents one Plant.,One Industrial License represents one Plant.,,,,,,DISCOVERED,,,,,,,,,CODE_COMPLETE,STATIC_AND_SQL_CONTRACT_PASS,product-contract/evidence/TASK-FACTORY-360-COMPLETE-010.md,,,Codex,a92dd9f49e7df50af606ed16881c09954161c528,2026-07-20,P12,SCR-WEB-400,ENG-04;ENG-06;ENG-07;ENG-08;ENG-09;ENG-11;ENG-12,MVP1-M07-003,"Requirement is absent, unauthorized, stale, incorrectly aggregated, or a dependent provider fails; render a controlled truthful state.",F360-EV-003
F360-BR-003,Business Rule,Factory_360_Specification_v2.0.docx,Page 2,Factory 360 always has one selected Industrial License.,Factory 360 always has one selected Industrial License.,,,,,,DISCOVERED,,,,,,,,,CODE_COMPLETE,STATIC_AND_SQL_CONTRACT_PASS,product-contract/evidence/TASK-FACTORY-360-COMPLETE-010.md,,,Codex,a92dd9f49e7df50af606ed16881c09954161c528,2026-07-20,P12,SCR-WEB-400,ENG-04;ENG-06;ENG-07;ENG-08;ENG-09;ENG-11;ENG-12,MVP1-M07-003,"Requirement is absent, unauthorized, stale, incorrectly aggregated, or a dependent provider fails; render a controlled truthful state.",F360-EV-003
F360-BR-004,Business Rule,Factory_360_Specification_v2.0.docx,Page 2,Factory 360 is a read-only module.,Factory 360 is a read-only module.,,,,,,DISCOVERED,,,,,,,,,CODE_COMPLETE,STATIC_AND_SQL_CONTRACT_PASS,product-contract/evidence/TASK-FACTORY-360-COMPLETE-010.md,,,Codex,a92dd9f49e7df50af606ed16881c09954161c528,2026-07-20,P12,SCR-WEB-400,ENG-04;ENG-06;ENG-07;ENG-08;ENG-09;ENG-11;ENG-12,MVP1-M07-001;MVP1-M07-019,"Requirement is absent, unauthorized, stale, incorrectly aggregated, or a dependent provider fails; render a controlled truthful state.",F360-EV-003
F360-BR-005,Business Rule,Factory_360_Specification_v2.0.docx,Page 2,No CR-level Risk Score shall be calculated.,No CR-level Risk Score shall be calculated.,,,,,,DISCOVERED,,,,,,,,,CODE_COMPLETE,STATIC_AND_SQL_CONTRACT_PASS,product-contract/evidence/TASK-FACTORY-360-COMPLETE-010.md,,,Codex,a92dd9f49e7df50af606ed16881c09954161c528,2026-07-20,P12,SCR-WEB-400,ENG-04;ENG-12,MVP1-M07-014;MVP1-M07-015,"Requirement is absent, unauthorized, stale, incorrectly aggregated, or a dependent provider fails; render a controlled truthful state.",F360-EV-003
F360-BR-006,Business Rule,Factory_360_Specification_v2.0.docx,Page 2,No CR-level Compliance Rate shall be calculated.,No CR-level Compliance Rate shall be calculated.,,,,,,DISCOVERED,,,,,,,,,CODE_COMPLETE,STATIC_AND_SQL_CONTRACT_PASS,product-contract/evidence/TASK-FACTORY-360-COMPLETE-010.md,,,Codex,a92dd9f49e7df50af606ed16881c09954161c528,2026-07-20,P12,SCR-WEB-400,ENG-04;ENG-06;ENG-07;ENG-08;ENG-09;ENG-11;ENG-12,MVP1-M07-001,"Requirement is absent, unauthorized, stale, incorrectly aggregated, or a dependent provider fails; render a controlled truthful state.",F360-EV-003
F360-BR-007,Business Rule,Factory_360_Specification_v2.0.docx,Page 2,Compliance Rate is 'Not Available' when no approved inspection exists.,Compliance Rate is 'Not Available' when no approved inspection exists.,,,,,,DISCOVERED,,,,,,,,,CODE_COMPLETE,STATIC_AND_SQL_CONTRACT_PASS,product-contract/evidence/TASK-FACTORY-360-COMPLETE-010.md,,,Codex,a92dd9f49e7df50af606ed16881c09954161c528,2026-07-20,P12,SCR-WEB-400,ENG-04;ENG-06;ENG-07;ENG-08;ENG-09;ENG-11;ENG-12,MVP1-M07-011,"Requirement is absent, unauthorized, stale, incorrectly aggregated, or a dependent provider fails; render a controlled truthful state.",F360-EV-003
F360-BR-008,Business Rule,Factory_360_Specification_v2.0.docx,Page 2,Pending requests shall not be displayed.,Pending requests shall not be displayed.,,,,,,DISCOVERED,,,,,,,,,CODE_COMPLETE,STATIC_AND_SQL_CONTRACT_PASS,product-contract/evidence/TASK-FACTORY-360-COMPLETE-010.md,,,Codex,a92dd9f49e7df50af606ed16881c09954161c528,2026-07-20,P12,SCR-WEB-400,ENG-04;ENG-06;ENG-07;ENG-08;ENG-09;ENG-11;ENG-12,MVP1-M07-020,"Requirement is absent, unauthorized, stale, incorrectly aggregated, or a dependent provider fails; render a controlled truthful state.",F360-EV-003
F360-BR-009,Business Rule,Factory_360_Specification_v2.0.docx,Page 2,Visits are not displayed; Inspection Reports are displayed.,Visits are not displayed; Inspection Reports are displayed.,,,,,,DISCOVERED,,,,,,,,,CODE_COMPLETE,STATIC_AND_SQL_CONTRACT_PASS,product-contract/evidence/TASK-FACTORY-360-COMPLETE-010.md,,,Codex,a92dd9f49e7df50af606ed16881c09954161c528,2026-07-20,P12,SCR-WEB-400,ENG-04;ENG-06;ENG-07;ENG-08;ENG-09;ENG-11;ENG-12,MVP1-M07-010;MVP1-M07-011,"Requirement is absent, unauthorized, stale, incorrectly aggregated, or a dependent provider fails; render a controlled truthful state.",F360-EV-003
F360-BR-010,Business Rule,Factory_360_Specification_v2.0.docx,Page 2,AI explains Risk Engine outputs only.,AI explains Risk Engine outputs only.,,,,,,DISCOVERED,,,,,,,,,CODE_COMPLETE,STATIC_AND_SQL_CONTRACT_PASS,product-contract/evidence/TASK-FACTORY-360-COMPLETE-010.md,,,Codex,a92dd9f49e7df50af606ed16881c09954161c528,2026-07-20,P12,SCR-WEB-400,ENG-04;ENG-12,MVP1-M07-014;MVP1-M07-015,"Requirement is absent, unauthorized, stale, incorrectly aggregated, or a dependent provider fails; render a controlled truthful state.",F360-EV-003
F360-BR-011,Business Rule,Factory_360_Specification_v2.0.docx,Page 2,Timeline contains business events only.,Timeline contains business events only.,,,,,,DISCOVERED,,,,,,,,,CODE_COMPLETE,STATIC_AND_SQL_CONTRACT_PASS,product-contract/evidence/TASK-FACTORY-360-COMPLETE-010.md,,,Codex,a92dd9f49e7df50af606ed16881c09954161c528,2026-07-20,P12,SCR-WEB-400,ENG-04;ENG-06;ENG-07;ENG-08;ENG-09;ENG-11;ENG-12,MVP1-M07-017,"Requirement is absent, unauthorized, stale, incorrectly aggregated, or a dependent provider fails; render a controlled truthful state.",F360-EV-003
F360-BR-012,Business Rule,Factory_360_Specification_v2.0.docx,Page 2,One integration failure shall not block the entire page.,One integration failure shall not block the entire page.,,,,,,DISCOVERED,,,,,,,,,CODE_COMPLETE,STATIC_AND_SQL_CONTRACT_PASS,product-contract/evidence/TASK-FACTORY-360-COMPLETE-010.md,,,Codex,a92dd9f49e7df50af606ed16881c09954161c528,2026-07-20,P12,SCR-WEB-400,ENG-12,MVP1-M07-020,"Requirement is absent, unauthorized, stale, incorrectly aggregated, or a dependent provider fails; render a controlled truthful state.",F360-EV-011
F360-LO-001,License Overview Rule,Factory_360_Specification_v2.0.docx,Page 4,Factory 360 always displays one selected license.,Factory 360 always displays one selected license.,,,,,,DISCOVERED,,,,,,,,,CODE_COMPLETE,STATIC_AND_SQL_CONTRACT_PASS,product-contract/evidence/TASK-FACTORY-360-COMPLETE-010.md,,,Codex,a92dd9f49e7df50af606ed16881c09954161c528,2026-07-20,P12,SCR-WEB-400,ENG-04;ENG-06;ENG-07;ENG-08;ENG-09;ENG-11;ENG-12,MVP1-M07-003,"Requirement is absent, unauthorized, stale, incorrectly aggregated, or a dependent provider fails; render a controlled truthful state.",F360-EV-005
F360-LO-002,License Overview Rule,Factory_360_Specification_v2.0.docx,Page 4,Changing the selected license refreshes all dependent sections.,Changing the selected license refreshes all dependent sections.,,,,,,DISCOVERED,,,,,,,,,CODE_COMPLETE,STATIC_AND_SQL_CONTRACT_PASS,product-contract/evidence/TASK-FACTORY-360-COMPLETE-010.md,,,Codex,a92dd9f49e7df50af606ed16881c09954161c528,2026-07-20,P12,SCR-WEB-400,ENG-04;ENG-06;ENG-07;ENG-08;ENG-09;ENG-11;ENG-12,MVP1-M07-003,"Requirement is absent, unauthorized, stale, incorrectly aggregated, or a dependent provider fails; render a controlled truthful state.",F360-EV-005
F360-LO-003,License Overview Rule,Factory_360_Specification_v2.0.docx,Page 4,Compliance Rate is calculated from the latest approved inspection only.,Compliance Rate is calculated from the latest approved inspection only.,,,,,,DISCOVERED,,,,,,,,,CODE_COMPLETE,STATIC_AND_SQL_CONTRACT_PASS,product-contract/evidence/TASK-FACTORY-360-COMPLETE-010.md,,,Codex,a92dd9f49e7df50af606ed16881c09954161c528,2026-07-20,P12,SCR-WEB-400,ENG-04;ENG-06;ENG-07;ENG-08;ENG-09;ENG-11;ENG-12,MVP1-M07-011,"Requirement is absent, unauthorized, stale, incorrectly aggregated, or a dependent provider fails; render a controlled truthful state.",F360-EV-005
F360-LO-004,License Overview Rule,Factory_360_Specification_v2.0.docx,Page 4,Returned and Rejected inspection reports do not contribute to Compliance Rate.,Returned and Rejected inspection reports do not contribute to Compliance Rate.,,,,,,DISCOVERED,,,,,,,,,CODE_COMPLETE,STATIC_AND_SQL_CONTRACT_PASS,product-contract/evidence/TASK-FACTORY-360-COMPLETE-010.md,,,Codex,a92dd9f49e7df50af606ed16881c09954161c528,2026-07-20,P12,SCR-WEB-400,ENG-04;ENG-06;ENG-07;ENG-08;ENG-09;ENG-11;ENG-12,MVP1-M07-011,"Requirement is absent, unauthorized, stale, incorrectly aggregated, or a dependent provider fails; render a controlled truthful state.",F360-EV-005
F360-LO-005,License Overview Rule,Factory_360_Specification_v2.0.docx,Page 4,Risk Score is retrieved from the latest completed Risk Engine calculation.,Risk Score is retrieved from the latest completed Risk Engine calculation.,,,,,,DISCOVERED,,,,,,,,,CODE_COMPLETE,STATIC_AND_SQL_CONTRACT_PASS,product-contract/evidence/TASK-FACTORY-360-COMPLETE-010.md,,,Codex,a92dd9f49e7df50af606ed16881c09954161c528,2026-07-20,P12,SCR-WEB-400,ENG-04;ENG-12,MVP1-M07-014,"Requirement is absent, unauthorized, stale, incorrectly aggregated, or a dependent provider fails; render a controlled truthful state.",F360-EV-005
F360-LO-006,License Overview Rule,Factory_360_Specification_v2.0.docx,Page 4,AI explanation is derived only from Risk Engine factors.,AI explanation is derived only from Risk Engine factors.,,,,,,DISCOVERED,,,,,,,,,CODE_COMPLETE,STATIC_AND_SQL_CONTRACT_PASS,product-contract/evidence/TASK-FACTORY-360-COMPLETE-010.md,,,Codex,a92dd9f49e7df50af606ed16881c09954161c528,2026-07-20,P12,SCR-WEB-400,ENG-04;ENG-12,MVP1-M07-015,"Requirement is absent, unauthorized, stale, incorrectly aggregated, or a dependent provider fails; render a controlled truthful state.",F360-EV-005
F360-CR-001,Compliance Rule,Factory_360_Specification_v2.0.docx,Page 6,Only submitted inspection reports are displayed.,Only submitted inspection reports are displayed.,,,,,,DISCOVERED,,,,,,,,,CODE_COMPLETE,STATIC_AND_SQL_CONTRACT_PASS,product-contract/evidence/TASK-FACTORY-360-COMPLETE-010.md,,,Codex,a92dd9f49e7df50af606ed16881c09954161c528,2026-07-20,P12,SCR-WEB-400,ENG-04;ENG-08;ENG-09;ENG-12,MVP1-M07-011,"Requirement is absent, unauthorized, stale, incorrectly aggregated, or a dependent provider fails; render a controlled truthful state.",F360-EV-006
F360-CR-002,Compliance Rule,Factory_360_Specification_v2.0.docx,Page 6,The list displays the latest version of each inspection.,The list displays the latest version of each inspection.,,,,,,DISCOVERED,,,,,,,,,CODE_COMPLETE,STATIC_AND_SQL_CONTRACT_PASS,product-contract/evidence/TASK-FACTORY-360-COMPLETE-010.md,,,Codex,a92dd9f49e7df50af606ed16881c09954161c528,2026-07-20,P12,SCR-WEB-400,ENG-04;ENG-08;ENG-09;ENG-12,MVP1-M07-011,"Requirement is absent, unauthorized, stale, incorrectly aggregated, or a dependent provider fails; render a controlled truthful state.",F360-EV-006
F360-CR-003,Compliance Rule,Factory_360_Specification_v2.0.docx,Page 6,Opening an inspection displays its complete version history.,Opening an inspection displays its complete version history.,,,,,,DISCOVERED,,,,,,,,,CODE_COMPLETE,STATIC_AND_SQL_CONTRACT_PASS,product-contract/evidence/TASK-FACTORY-360-COMPLETE-010.md,,,Codex,a92dd9f49e7df50af606ed16881c09954161c528,2026-07-20,P12,SCR-WEB-400,ENG-04;ENG-08;ENG-09;ENG-12,MVP1-M07-011,"Requirement is absent, unauthorized, stale, incorrectly aggregated, or a dependent provider fails; render a controlled truthful state.",F360-EV-006
F360-CR-004,Compliance Rule,Factory_360_Specification_v2.0.docx,Page 6,Only Approved inspections contribute to Compliance Rate and Compliance Trend.,Only Approved inspections contribute to Compliance Rate and Compliance Trend.,,,,,,DISCOVERED,,,,,,,,,CODE_COMPLETE,STATIC_AND_SQL_CONTRACT_PASS,product-contract/evidence/TASK-FACTORY-360-COMPLETE-010.md,,,Codex,a92dd9f49e7df50af606ed16881c09954161c528,2026-07-20,P12,SCR-WEB-400,ENG-04;ENG-08;ENG-09;ENG-12,MVP1-M07-011,"Requirement is absent, unauthorized, stale, incorrectly aggregated, or a dependent provider fails; render a controlled truthful state.",F360-EV-006
F360-CR-005,Compliance Rule,Factory_360_Specification_v2.0.docx,Page 6,Returned and Rejected inspections remain visible for audit purposes.,Returned and Rejected inspections remain visible for audit purposes.,,,,,,DISCOVERED,,,,,,,,,CODE_COMPLETE,STATIC_AND_SQL_CONTRACT_PASS,product-contract/evidence/TASK-FACTORY-360-COMPLETE-010.md,,,Codex,a92dd9f49e7df50af606ed16881c09954161c528,2026-07-20,P12,SCR-WEB-400,ENG-04;ENG-08;ENG-09;ENG-12,MVP1-M07-011,"Requirement is absent, unauthorized, stale, incorrectly aggregated, or a dependent provider fails; render a controlled truthful state.",F360-EV-006
F360-CR-006,Compliance Rule,Factory_360_Specification_v2.0.docx,Page 6,Every violation belongs to one approved inspection.,Every violation belongs to one approved inspection.,,,,,,DISCOVERED,,,,,,,,,CODE_COMPLETE,STATIC_AND_SQL_CONTRACT_PASS,product-contract/evidence/TASK-FACTORY-360-COMPLETE-010.md,,,Codex,a92dd9f49e7df50af606ed16881c09954161c528,2026-07-20,P12,SCR-WEB-400,ENG-08;ENG-09;ENG-12,MVP1-M07-012,"Requirement is absent, unauthorized, stale, incorrectly aggregated, or a dependent provider fails; render a controlled truthful state.",F360-EV-006
F360-CR-007,Compliance Rule,Factory_360_Specification_v2.0.docx,Page 6,One violation may have only one active penalty.,One violation may have only one active penalty.,,,,,,DISCOVERED,,,,,,,,,CODE_COMPLETE,STATIC_AND_SQL_CONTRACT_PASS,product-contract/evidence/TASK-FACTORY-360-COMPLETE-010.md,,,Codex,a92dd9f49e7df50af606ed16881c09954161c528,2026-07-20,P12,SCR-WEB-400,ENG-08;ENG-09;ENG-12,MVP1-M07-012,"Requirement is absent, unauthorized, stale, incorrectly aggregated, or a dependent provider fails; render a controlled truthful state.",F360-EV-006
F360-CR-008,Compliance Rule,Factory_360_Specification_v2.0.docx,Page 6,Historical violations are never deleted.,Historical violations are never deleted.,,,,,,DISCOVERED,,,,,,,,,CODE_COMPLETE,STATIC_AND_SQL_CONTRACT_PASS,product-contract/evidence/TASK-FACTORY-360-COMPLETE-010.md,,,Codex,a92dd9f49e7df50af606ed16881c09954161c528,2026-07-20,P12,SCR-WEB-400,ENG-08;ENG-09;ENG-12,MVP1-M07-012,"Requirement is absent, unauthorized, stale, incorrectly aggregated, or a dependent provider fails; render a controlled truthful state.",F360-EV-006
F360-II-001,Industrial Information Rule,Factory_360_Specification_v2.0.docx,Page 7,Industrial Information data is synchronized from Senaei only.,Industrial Information data is synchronized from Senaei only.,,,,,,DISCOVERED,,,,,,,,,CODE_COMPLETE,STATIC_AND_SQL_CONTRACT_PASS,product-contract/evidence/TASK-FACTORY-360-COMPLETE-010.md,,,Codex,a92dd9f49e7df50af606ed16881c09954161c528,2026-07-20,P12,SCR-WEB-400,ENG-04;ENG-06;ENG-07;ENG-08;ENG-09;ENG-11;ENG-12,MVP1-M07-006;MVP1-M07-007;MVP1-M07-008;MVP1-M07-009,"Requirement is absent, unauthorized, stale, incorrectly aggregated, or a dependent provider fails; render a controlled truthful state.",F360-EV-007
F360-II-002,Industrial Information Rule,Factory_360_Specification_v2.0.docx,Page 7,Users cannot modify industrial information.,Users cannot modify industrial information.,,,,,,DISCOVERED,,,,,,,,,CODE_COMPLETE,STATIC_AND_SQL_CONTRACT_PASS,product-contract/evidence/TASK-FACTORY-360-COMPLETE-010.md,,,Codex,a92dd9f49e7df50af606ed16881c09954161c528,2026-07-20,P12,SCR-WEB-400,ENG-04;ENG-06;ENG-07;ENG-08;ENG-09;ENG-11;ENG-12,MVP1-M07-019,"Requirement is absent, unauthorized, stale, incorrectly aggregated, or a dependent provider fails; render a controlled truthful state.",F360-EV-007
F360-II-003,Industrial Information Rule,Factory_360_Specification_v2.0.docx,Page 7,"Historical products, machines and raw materials remain visible when supported by source data.","Historical products, machines and raw materials remain visible when supported by source data.",,,,,,DISCOVERED,,,,,,,,,CODE_COMPLETE,STATIC_AND_SQL_CONTRACT_PASS,product-contract/evidence/TASK-FACTORY-360-COMPLETE-010.md,,,Codex,a92dd9f49e7df50af606ed16881c09954161c528,2026-07-20,P12,SCR-WEB-400,ENG-04;ENG-06;ENG-07;ENG-08;ENG-09;ENG-11;ENG-12,MVP1-M07-006;MVP1-M07-007,"Requirement is absent, unauthorized, stale, incorrectly aggregated, or a dependent provider fails; render a controlled truthful state.",F360-EV-007
F360-II-004,Industrial Information Rule,Factory_360_Specification_v2.0.docx,Page 7,Empty industrial sections display an informational empty state rather than an error.,Empty industrial sections display an informational empty state rather than an error.,,,,,,DISCOVERED,,,,,,,,,CODE_COMPLETE,STATIC_AND_SQL_CONTRACT_PASS,product-contract/evidence/TASK-FACTORY-360-COMPLETE-010.md,,,Codex,a92dd9f49e7df50af606ed16881c09954161c528,2026-07-20,P12,SCR-WEB-400,ENG-04;ENG-06;ENG-07;ENG-08;ENG-09;ENG-11;ENG-12,MVP1-M07-020,"Requirement is absent, unauthorized, stale, incorrectly aggregated, or a dependent provider fails; render a controlled truthful state.",F360-EV-007
F360-GI-001,Government Information Rule,Factory_360_Specification_v2.0.docx,Page 8,Pending services shall not appear in Factory 360.,Pending services shall not appear in Factory 360.,,,,,,DISCOVERED,,,,,,,,,CODE_COMPLETE,STATIC_AND_SQL_CONTRACT_PASS,product-contract/evidence/TASK-FACTORY-360-COMPLETE-010.md,,,Codex,a92dd9f49e7df50af606ed16881c09954161c528,2026-07-20,P12,SCR-WEB-400,ENG-04;ENG-06;ENG-07;ENG-08;ENG-09;ENG-11;ENG-12,MVP1-M07-001,"Requirement is absent, unauthorized, stale, incorrectly aggregated, or a dependent provider fails; render a controlled truthful state.",F360-EV-008
F360-GI-002,Government Information Rule,Factory_360_Specification_v2.0.docx,Page 8,Expired approvals remain available as historical information.,Expired approvals remain available as historical information.,,,,,,DISCOVERED,,,,,,,,,CODE_COMPLETE,STATIC_AND_SQL_CONTRACT_PASS,product-contract/evidence/TASK-FACTORY-360-COMPLETE-010.md,,,Codex,a92dd9f49e7df50af606ed16881c09954161c528,2026-07-20,P12,SCR-WEB-400,ENG-04;ENG-06;ENG-07;ENG-08;ENG-09;ENG-11;ENG-12,MVP1-M07-017,"Requirement is absent, unauthorized, stale, incorrectly aggregated, or a dependent provider fails; render a controlled truthful state.",F360-EV-008
F360-GI-003,Government Information Rule,Factory_360_Specification_v2.0.docx,Page 8,Government information is read-only.,Government information is read-only.,,,,,,DISCOVERED,,,,,,,,,CODE_COMPLETE,STATIC_AND_SQL_CONTRACT_PASS,product-contract/evidence/TASK-FACTORY-360-COMPLETE-010.md,,,Codex,a92dd9f49e7df50af606ed16881c09954161c528,2026-07-20,P12,SCR-WEB-400,ENG-04;ENG-06;ENG-07;ENG-08;ENG-09;ENG-11;ENG-12,MVP1-M07-019,"Requirement is absent, unauthorized, stale, incorrectly aggregated, or a dependent provider fails; render a controlled truthful state.",F360-EV-008
F360-DOC-001,Document Rule,Factory_360_Specification_v2.0.docx,Page 8,Documents are grouped by business category.,Documents are grouped by business category.,,,,,,DISCOVERED,,,,,,,,view_factory_documents,CODE_COMPLETE,STATIC_AND_SQL_CONTRACT_PASS,product-contract/evidence/TASK-FACTORY-360-COMPLETE-010.md,,,Codex,a92dd9f49e7df50af606ed16881c09954161c528,2026-07-20,P12,SCR-WEB-400,ENG-07;ENG-12,MVP1-M07-016,"Requirement is absent, unauthorized, stale, incorrectly aggregated, or a dependent provider fails; render a controlled truthful state.",F360-EV-009
F360-DOC-002,Document Rule,Factory_360_Specification_v2.0.docx,Page 8,Inspection evidence is never merged into the official factory gallery.,Inspection evidence is never merged into the official factory gallery.,,,,,,DISCOVERED,,,,,,,,view_factory_documents,CODE_COMPLETE,STATIC_AND_SQL_CONTRACT_PASS,product-contract/evidence/TASK-FACTORY-360-COMPLETE-010.md,,,Codex,a92dd9f49e7df50af606ed16881c09954161c528,2026-07-20,P12,SCR-WEB-400,ENG-07;ENG-12,MVP1-M07-016,"Requirement is absent, unauthorized, stale, incorrectly aggregated, or a dependent provider fails; render a controlled truthful state.",F360-EV-009
F360-DOC-003,Document Rule,Factory_360_Specification_v2.0.docx,Page 8,Upload is not supported from Factory 360.,Upload is not supported from Factory 360.,,,,,,DISCOVERED,,,,,,,,view_factory_360,CODE_COMPLETE,STATIC_AND_SQL_CONTRACT_PASS,product-contract/evidence/TASK-FACTORY-360-COMPLETE-010.md,,,Codex,a92dd9f49e7df50af606ed16881c09954161c528,2026-07-20,P12,SCR-WEB-400,ENG-07;ENG-12,MVP1-M07-019,"Requirement is absent, unauthorized, stale, incorrectly aggregated, or a dependent provider fails; render a controlled truthful state.",F360-EV-009
F360-DOC-004,Document Rule,Factory_360_Specification_v2.0.docx,Page 8,Download is permission-based.,Download is permission-based.,,,,,,DISCOVERED,,,,,,,,download_factory_documents,CODE_COMPLETE,STATIC_AND_SQL_CONTRACT_PASS,product-contract/evidence/TASK-FACTORY-360-COMPLETE-010.md,,,Codex,a92dd9f49e7df50af606ed16881c09954161c528,2026-07-20,P12,SCR-WEB-400,ENG-07;ENG-12,MVP1-M07-016;MVP1-M07-019,"Requirement is absent, unauthorized, stale, incorrectly aggregated, or a dependent provider fails; render a controlled truthful state.",F360-EV-009
F360-DOC-005,Document Rule,Factory_360_Specification_v2.0.docx,Page 8,Missing documents display a friendly empty state.,Missing documents display a friendly empty state.,,,,,,DISCOVERED,,,,,,,,view_factory_documents,CODE_COMPLETE,STATIC_AND_SQL_CONTRACT_PASS,product-contract/evidence/TASK-FACTORY-360-COMPLETE-010.md,,,Codex,a92dd9f49e7df50af606ed16881c09954161c528,2026-07-20,P12,SCR-WEB-400,ENG-07;ENG-12,MVP1-M07-020,"Requirement is absent, unauthorized, stale, incorrectly aggregated, or a dependent provider fails; render a controlled truthful state.",F360-EV-009
F360-AC-001,Acceptance Criterion,Factory_360_Specification_v2.0.docx,Page 5,Selected license information loads within the Factory 360 context.,,Selected license information loads within the Factory 360 context.,,,,,DISCOVERED,,,,,,,,,CODE_COMPLETE,STATIC_AND_SQL_CONTRACT_PASS,product-contract/evidence/TASK-FACTORY-360-COMPLETE-010.md,,,Codex,a92dd9f49e7df50af606ed16881c09954161c528,2026-07-20,P12,SCR-WEB-400,ENG-04;ENG-06;ENG-07;ENG-08;ENG-09;ENG-11;ENG-12,F360 source acceptance,"Requirement is absent, unauthorized, stale, incorrectly aggregated, or a dependent provider fails; render a controlled truthful state.",F360-EV-003
F360-AC-002,Acceptance Criterion,Factory_360_Specification_v2.0.docx,Page 5,Changing license refreshes all sections without leaving the page.,,Changing license refreshes all sections without leaving the page.,,,,,DISCOVERED,,,,,,,,,CODE_COMPLETE,STATIC_AND_SQL_CONTRACT_PASS,product-contract/evidence/TASK-FACTORY-360-COMPLETE-010.md,,,Codex,a92dd9f49e7df50af606ed16881c09954161c528,2026-07-20,P12,SCR-WEB-400,ENG-04;ENG-06;ENG-07;ENG-08;ENG-09;ENG-11;ENG-12,F360 source acceptance,"Requirement is absent, unauthorized, stale, incorrectly aggregated, or a dependent provider fails; render a controlled truthful state.",F360-EV-003
F360-AC-003,Acceptance Criterion,Factory_360_Specification_v2.0.docx,Page 5,Compliance Rate displays 'Not Available' when no approved inspection exists.,,Compliance Rate displays 'Not Available' when no approved inspection exists.,,,,,DISCOVERED,,,,,,,,,CODE_COMPLETE,STATIC_AND_SQL_CONTRACT_PASS,product-contract/evidence/TASK-FACTORY-360-COMPLETE-010.md,,,Codex,a92dd9f49e7df50af606ed16881c09954161c528,2026-07-20,P12,SCR-WEB-400,ENG-04;ENG-06;ENG-07;ENG-08;ENG-09;ENG-11;ENG-12,F360 source acceptance,"Requirement is absent, unauthorized, stale, incorrectly aggregated, or a dependent provider fails; render a controlled truthful state.",F360-EV-003
F360-AC-004,Acceptance Criterion,Factory_360_Specification_v2.0.docx,Page 5,Risk explanation is traceable to Risk Engine variables.,,Risk explanation is traceable to Risk Engine variables.,,,,,DISCOVERED,,,,,,,,,CODE_COMPLETE,STATIC_AND_SQL_CONTRACT_PASS,product-contract/evidence/TASK-FACTORY-360-COMPLETE-010.md,,,Codex,a92dd9f49e7df50af606ed16881c09954161c528,2026-07-20,P12,SCR-WEB-400,ENG-04;ENG-06;ENG-07;ENG-08;ENG-09;ENG-11;ENG-12,F360 source acceptance,"Requirement is absent, unauthorized, stale, incorrectly aggregated, or a dependent provider fails; render a controlled truthful state.",F360-EV-003
F360-AC-005,Acceptance Criterion,Factory_360_Specification_v2.0.docx,Page 5,Users cannot edit any license or factory profile information.,,Users cannot edit any license or factory profile information.,,,,,DISCOVERED,,,,,,,,,CODE_COMPLETE,STATIC_AND_SQL_CONTRACT_PASS,product-contract/evidence/TASK-FACTORY-360-COMPLETE-010.md,,,Codex,a92dd9f49e7df50af606ed16881c09954161c528,2026-07-20,P12,SCR-WEB-400,ENG-04;ENG-06;ENG-07;ENG-08;ENG-09;ENG-11;ENG-12,F360 source acceptance,"Requirement is absent, unauthorized, stale, incorrectly aggregated, or a dependent provider fails; render a controlled truthful state.",F360-EV-003
F360-AC-006,Acceptance Criterion,Factory_360_Specification_v2.0.docx,Page 5,Only authorized users can create inspections or export information.,,Only authorized users can create inspections or export information.,,,,,DISCOVERED,,,,,,,,,CODE_COMPLETE,STATIC_AND_SQL_CONTRACT_PASS,product-contract/evidence/TASK-FACTORY-360-COMPLETE-010.md,,,Codex,a92dd9f49e7df50af606ed16881c09954161c528,2026-07-20,P12,SCR-WEB-400,ENG-04;ENG-06;ENG-07;ENG-08;ENG-09;ENG-11;ENG-12,F360 source acceptance,"Requirement is absent, unauthorized, stale, incorrectly aggregated, or a dependent provider fails; render a controlled truthful state.",F360-EV-003
F360-AC-007,Acceptance Criterion,Factory_360_Specification_v2.0.docx,Page 7,Only inspection reports associated with the selected license are displayed.,,Only inspection reports associated with the selected license are displayed.,,,,,DISCOVERED,,,,,,,,,CODE_COMPLETE,STATIC_AND_SQL_CONTRACT_PASS,product-contract/evidence/TASK-FACTORY-360-COMPLETE-010.md,,,Codex,a92dd9f49e7df50af606ed16881c09954161c528,2026-07-20,P12,SCR-WEB-400,ENG-04;ENG-06;ENG-07;ENG-08;ENG-09;ENG-11;ENG-12,F360 source acceptance,"Requirement is absent, unauthorized, stale, incorrectly aggregated, or a dependent provider fails; render a controlled truthful state.",F360-EV-003
F360-AC-008,Acceptance Criterion,Factory_360_Specification_v2.0.docx,Page 7,Visits are not displayed anywhere within Compliance.,,Visits are not displayed anywhere within Compliance.,,,,,DISCOVERED,,,,,,,,,CODE_COMPLETE,STATIC_AND_SQL_CONTRACT_PASS,product-contract/evidence/TASK-FACTORY-360-COMPLETE-010.md,,,Codex,a92dd9f49e7df50af606ed16881c09954161c528,2026-07-20,P12,SCR-WEB-400,ENG-04;ENG-06;ENG-07;ENG-08;ENG-09;ENG-11;ENG-12,F360 source acceptance,"Requirement is absent, unauthorized, stale, incorrectly aggregated, or a dependent provider fails; render a controlled truthful state.",F360-EV-003
F360-AC-009,Acceptance Criterion,Factory_360_Specification_v2.0.docx,Page 7,Compliance Rate matches the approved inspection calculation.,,Compliance Rate matches the approved inspection calculation.,,,,,DISCOVERED,,,,,,,,,CODE_COMPLETE,STATIC_AND_SQL_CONTRACT_PASS,product-contract/evidence/TASK-FACTORY-360-COMPLETE-010.md,,,Codex,a92dd9f49e7df50af606ed16881c09954161c528,2026-07-20,P12,SCR-WEB-400,ENG-04;ENG-06;ENG-07;ENG-08;ENG-09;ENG-11;ENG-12,F360 source acceptance,"Requirement is absent, unauthorized, stale, incorrectly aggregated, or a dependent provider fails; render a controlled truthful state.",F360-EV-003
F360-AC-010,Acceptance Criterion,Factory_360_Specification_v2.0.docx,Page 7,Risk Trend reflects Risk Engine history.,,Risk Trend reflects Risk Engine history.,,,,,DISCOVERED,,,,,,,,,CODE_COMPLETE,STATIC_AND_SQL_CONTRACT_PASS,product-contract/evidence/TASK-FACTORY-360-COMPLETE-010.md,,,Codex,a92dd9f49e7df50af606ed16881c09954161c528,2026-07-20,P12,SCR-WEB-400,ENG-04;ENG-06;ENG-07;ENG-08;ENG-09;ENG-11;ENG-12,F360 source acceptance,"Requirement is absent, unauthorized, stale, incorrectly aggregated, or a dependent provider fails; render a controlled truthful state.",F360-EV-003
F360-AC-011,Acceptance Criterion,Factory_360_Specification_v2.0.docx,Page 7,Users cannot modify compliance information from Factory 360.,,Users cannot modify compliance information from Factory 360.,,,,,DISCOVERED,,,,,,,,,CODE_COMPLETE,STATIC_AND_SQL_CONTRACT_PASS,product-contract/evidence/TASK-FACTORY-360-COMPLETE-010.md,,,Codex,a92dd9f49e7df50af606ed16881c09954161c528,2026-07-20,P12,SCR-WEB-400,ENG-04;ENG-06;ENG-07;ENG-08;ENG-09;ENG-11;ENG-12,F360 source acceptance,"Requirement is absent, unauthorized, stale, incorrectly aggregated, or a dependent provider fails; render a controlled truthful state.",F360-EV-003
F360-AC-012,Acceptance Criterion,Factory_360_Specification_v2.0.docx,Page 8,Industrial information matches Senaei.,,Industrial information matches Senaei.,,,,,DISCOVERED,,,,,,,,,CODE_COMPLETE,STATIC_AND_SQL_CONTRACT_PASS,product-contract/evidence/TASK-FACTORY-360-COMPLETE-010.md,,,Codex,a92dd9f49e7df50af606ed16881c09954161c528,2026-07-20,P12,SCR-WEB-400,ENG-04;ENG-06;ENG-07;ENG-08;ENG-09;ENG-11;ENG-12,F360 source acceptance,"Requirement is absent, unauthorized, stale, incorrectly aggregated, or a dependent provider fails; render a controlled truthful state.",F360-EV-003
F360-AC-013,Acceptance Criterion,Factory_360_Specification_v2.0.docx,Page 9,Only approved and expired services and incentives are displayed.,,Only approved and expired services and incentives are displayed.,,,,,DISCOVERED,,,,,,,,,CODE_COMPLETE,STATIC_AND_SQL_CONTRACT_PASS,product-contract/evidence/TASK-FACTORY-360-COMPLETE-010.md,,,Codex,a92dd9f49e7df50af606ed16881c09954161c528,2026-07-20,P12,SCR-WEB-400,ENG-04;ENG-06;ENG-07;ENG-08;ENG-09;ENG-11;ENG-12,F360 source acceptance,"Requirement is absent, unauthorized, stale, incorrectly aggregated, or a dependent provider fails; render a controlled truthful state.",F360-EV-003
F360-AC-014,Acceptance Criterion,Factory_360_Specification_v2.0.docx,Page 9,Inspection evidence remains linked to inspections.,,Inspection evidence remains linked to inspections.,,,,,DISCOVERED,,,,,,,,,CODE_COMPLETE,STATIC_AND_SQL_CONTRACT_PASS,product-contract/evidence/TASK-FACTORY-360-COMPLETE-010.md,,,Codex,a92dd9f49e7df50af606ed16881c09954161c528,2026-07-20,P12,SCR-WEB-400,ENG-04;ENG-06;ENG-07;ENG-08;ENG-09;ENG-11;ENG-12,F360 source acceptance,"Requirement is absent, unauthorized, stale, incorrectly aggregated, or a dependent provider fails; render a controlled truthful state.",F360-EV-003
F360-AC-015,Acceptance Criterion,Factory_360_Specification_v2.0.docx,Page 9,Documents are grouped correctly.,,Documents are grouped correctly.,,,,,DISCOVERED,,,,,,,,,CODE_COMPLETE,STATIC_AND_SQL_CONTRACT_PASS,product-contract/evidence/TASK-FACTORY-360-COMPLETE-010.md,,,Codex,a92dd9f49e7df50af606ed16881c09954161c528,2026-07-20,P12,SCR-WEB-400,ENG-04;ENG-06;ENG-07;ENG-08;ENG-09;ENG-11;ENG-12,F360 source acceptance,"Requirement is absent, unauthorized, stale, incorrectly aggregated, or a dependent provider fails; render a controlled truthful state.",F360-EV-003
F360-AC-016,Acceptance Criterion,Factory_360_Specification_v2.0.docx,Page 9,No editing capability exists within Factory 360.,,No editing capability exists within Factory 360.,,,,,DISCOVERED,,,,,,,,,CODE_COMPLETE,STATIC_AND_SQL_CONTRACT_PASS,product-contract/evidence/TASK-FACTORY-360-COMPLETE-010.md,,,Codex,a92dd9f49e7df50af606ed16881c09954161c528,2026-07-20,P12,SCR-WEB-400,ENG-04;ENG-06;ENG-07;ENG-08;ENG-09;ENG-11;ENG-12,F360 source acceptance,"Requirement is absent, unauthorized, stale, incorrectly aggregated, or a dependent provider fails; render a controlled truthful state.",F360-EV-003
F360-ARCH-001,Architecture,Factory_360_Specification_v2.0.docx,Pages 1-2,Commercial Registration → Industrial License → Factory/Plant → Inspection Reports → Violations → Penalties.,,,,,,,DISCOVERED,,,,,,,,,CODE_COMPLETE,STATIC_AND_SQL_CONTRACT_PASS,product-contract/evidence/TASK-FACTORY-360-COMPLETE-010.md,,,Codex,a92dd9f49e7df50af606ed16881c09954161c528,2026-07-20,P12,SCR-WEB-400,ENG-04;ENG-06;ENG-07;ENG-08;ENG-09;ENG-11;ENG-12,MVP1-M07-001;MVP1-M07-003;MVP1-M07-004,"Requirement is absent, unauthorized, stale, incorrectly aggregated, or a dependent provider fails; render a controlled truthful state.",F360-EV-004
F360-SRCH-001,Search,Factory_360_Specification_v2.0.docx,Page 2,Search by CR Number opens CR Overview and allows license selection.,,,,,,,DISCOVERED,,,,,,,,,CODE_COMPLETE,STATIC_AND_SQL_CONTRACT_PASS,product-contract/evidence/TASK-FACTORY-360-COMPLETE-010.md,,,Codex,a92dd9f49e7df50af606ed16881c09954161c528,2026-07-20,P01;P12,SCR-WEB-400,ENG-04;ENG-06;ENG-07;ENG-08;ENG-09;ENG-11;ENG-12,MVP1-M07-004;MVP1-M07-018,"Requirement is absent, unauthorized, stale, incorrectly aggregated, or a dependent provider fails; render a controlled truthful state.",F360-EV-004
F360-SRCH-002,Search,Factory_360_Specification_v2.0.docx,Page 2,Search by License Number opens parent CR and auto-selects the matching license.,,,,,,,DISCOVERED,,,,,,,,,CODE_COMPLETE,STATIC_AND_SQL_CONTRACT_PASS,product-contract/evidence/TASK-FACTORY-360-COMPLETE-010.md,,,Codex,a92dd9f49e7df50af606ed16881c09954161c528,2026-07-20,P01;P12,SCR-WEB-400,ENG-04;ENG-06;ENG-07;ENG-08;ENG-09;ENG-11;ENG-12,MVP1-M07-003;MVP1-M07-018,"Requirement is absent, unauthorized, stale, incorrectly aggregated, or a dependent provider fails; render a controlled truthful state.",F360-EV-004
F360-SRCH-003,Search,Factory_360_Specification_v2.0.docx,Page 2,Search by Plant Number opens parent CR and auto-selects the corresponding license.,,,,,,,DISCOVERED,,,,,,,,,CODE_COMPLETE,STATIC_AND_SQL_CONTRACT_PASS,product-contract/evidence/TASK-FACTORY-360-COMPLETE-010.md,,,Codex,a92dd9f49e7df50af606ed16881c09954161c528,2026-07-20,P01;P12,SCR-WEB-400,ENG-04;ENG-06;ENG-07;ENG-08;ENG-09;ENG-11;ENG-12,MVP1-M07-003;MVP1-M07-018,"Requirement is absent, unauthorized, stale, incorrectly aggregated, or a dependent provider fails; render a controlled truthful state.",F360-EV-004
F360-PERM-001,Permission,Factory_360_Specification_v2.0.docx,Page 3,View Factory 360 permission controls page access.,,,,,,,DISCOVERED,,,,,,,,view_factory_360,CODE_COMPLETE,STATIC_AND_SQL_CONTRACT_PASS,product-contract/evidence/TASK-FACTORY-360-COMPLETE-010.md,,,Codex,a92dd9f49e7df50af606ed16881c09954161c528,2026-07-20,P12,SCR-WEB-400,ENG-04;ENG-06;ENG-07;ENG-08;ENG-09;ENG-11;ENG-12,MVP1-M07-019,"Requirement is absent, unauthorized, stale, incorrectly aggregated, or a dependent provider fails; render a controlled truthful state.",F360-EV-010
F360-PERM-002,Permission,Factory_360_Specification_v2.0.docx,Page 3,View Factory Documents permission controls document viewing.,,,,,,,DISCOVERED,,,,,,,,view_factory_documents,CODE_COMPLETE,STATIC_AND_SQL_CONTRACT_PASS,product-contract/evidence/TASK-FACTORY-360-COMPLETE-010.md,,,Codex,a92dd9f49e7df50af606ed16881c09954161c528,2026-07-20,P12,SCR-WEB-400,ENG-04;ENG-06;ENG-07;ENG-08;ENG-09;ENG-11;ENG-12,MVP1-M07-016;MVP1-M07-019,"Requirement is absent, unauthorized, stale, incorrectly aggregated, or a dependent provider fails; render a controlled truthful state.",F360-EV-010
F360-PERM-003,Permission,Factory_360_Specification_v2.0.docx,Page 3,Download Factory Documents permission controls downloads.,,,,,,,DISCOVERED,,,,,,,,download_factory_documents,CODE_COMPLETE,STATIC_AND_SQL_CONTRACT_PASS,product-contract/evidence/TASK-FACTORY-360-COMPLETE-010.md,,,Codex,a92dd9f49e7df50af606ed16881c09954161c528,2026-07-20,P12,SCR-WEB-400,ENG-04;ENG-06;ENG-07;ENG-08;ENG-09;ENG-11;ENG-12,MVP1-M07-016;MVP1-M07-019,"Requirement is absent, unauthorized, stale, incorrectly aggregated, or a dependent provider fails; render a controlled truthful state.",F360-EV-010
F360-PERM-004,Permission,Factory_360_Specification_v2.0.docx,Page 3,View Risk Details permission controls risk explanation.,,,,,,,DISCOVERED,,,,,,,,view_risk_details,CODE_COMPLETE,STATIC_AND_SQL_CONTRACT_PASS,product-contract/evidence/TASK-FACTORY-360-COMPLETE-010.md,,,Codex,a92dd9f49e7df50af606ed16881c09954161c528,2026-07-20,P12,SCR-WEB-400,ENG-04;ENG-06;ENG-07;ENG-08;ENG-09;ENG-11;ENG-12,MVP1-M07-015;MVP1-M07-019,"Requirement is absent, unauthorized, stale, incorrectly aggregated, or a dependent provider fails; render a controlled truthful state.",F360-EV-010
F360-PERM-005,Permission,Factory_360_Specification_v2.0.docx,Page 3,Export Factory permission controls PDF export.,,,,,,,DISCOVERED,,,,,,,,export_factory,CODE_COMPLETE,STATIC_AND_SQL_CONTRACT_PASS,product-contract/evidence/TASK-FACTORY-360-COMPLETE-010.md,,,Codex,a92dd9f49e7df50af606ed16881c09954161c528,2026-07-20,P12,SCR-WEB-400,ENG-04;ENG-06;ENG-07;ENG-08;ENG-09;ENG-11;ENG-12,MVP1-M07-019,"Requirement is absent, unauthorized, stale, incorrectly aggregated, or a dependent provider fails; render a controlled truthful state.",F360-EV-010
F360-PERM-006,Permission,Factory_360_Specification_v2.0.docx,Page 3,Create Inspection permission controls launching Planning with the selected license.,,,,,,,DISCOVERED,,,,,,,,create_inspection,CODE_COMPLETE,STATIC_AND_SQL_CONTRACT_PASS,product-contract/evidence/TASK-FACTORY-360-COMPLETE-010.md,,,Codex,a92dd9f49e7df50af606ed16881c09954161c528,2026-07-20,P12,SCR-WEB-400,ENG-04;ENG-06;ENG-07;ENG-08;ENG-09;ENG-11;ENG-12,MVP1-M07-018;MVP1-M07-019,"Requirement is absent, unauthorized, stale, incorrectly aggregated, or a dependent provider fails; render a controlled truthful state.",F360-EV-010
F360-CALC-001,Calculation,Factory_360_Specification_v2.0.docx,Page 6,Compliance Rate = (Passed Answered Inspection Items ÷ Total Answered Inspection Items) × 100; notes and non-scored items excluded.,,,,,,,DISCOVERED,,,,,,,,,CODE_COMPLETE,STATIC_AND_SQL_CONTRACT_PASS,product-contract/evidence/TASK-FACTORY-360-COMPLETE-010.md,,,Codex,a92dd9f49e7df50af606ed16881c09954161c528,2026-07-20,P12,SCR-WEB-400,ENG-04;ENG-08;ENG-09;ENG-12,MVP1-M07-011,"Requirement is absent, unauthorized, stale, incorrectly aggregated, or a dependent provider fails; render a controlled truthful state.",F360-EV-006
F360-IMG-001,Images,Factory_360_Specification_v2.0.docx,Page 4,"Image groups are Official Factory Images, Factory Profile Images, Inspection Evidence, Arrival Evidence and Violation Evidence.",,,,,,,DISCOVERED,,,,,,,,view_factory_360,CODE_COMPLETE,STATIC_AND_SQL_CONTRACT_PASS,product-contract/evidence/TASK-FACTORY-360-COMPLETE-010.md,,,Codex,a92dd9f49e7df50af606ed16881c09954161c528,2026-07-20,P12,SCR-WEB-400,ENG-07;ENG-12,MVP1-M07-016,"Requirement is absent, unauthorized, stale, incorrectly aggregated, or a dependent provider fails; render a controlled truthful state.",F360-EV-005
F360-ACT-001,Action,Factory_360_Specification_v2.0.docx,Page 5,Open Map opens the selected factory location in the Maps module.,,,,,,,DISCOVERED,,,,,,,,view_factory_360,CODE_COMPLETE,STATIC_AND_SQL_CONTRACT_PASS,product-contract/evidence/TASK-FACTORY-360-COMPLETE-010.md,,,Codex,a92dd9f49e7df50af606ed16881c09954161c528,2026-07-20,P12,SCR-WEB-400;SCR-WEB-500,ENG-06;ENG-12,MVP1-M07-005;MVP1-M07-018,"Requirement is absent, unauthorized, stale, incorrectly aggregated, or a dependent provider fails; render a controlled truthful state.",F360-EV-005
F360-ACT-002,Action,Factory_360_Specification_v2.0.docx,Page 5,View Risk Explanation opens an explanation traceable to stored Risk Engine factors.,,,,,,,DISCOVERED,,,,,,,,view_risk_details,CODE_COMPLETE,STATIC_AND_SQL_CONTRACT_PASS,product-contract/evidence/TASK-FACTORY-360-COMPLETE-010.md,,,Codex,a92dd9f49e7df50af606ed16881c09954161c528,2026-07-20,P12,SCR-WEB-400,ENG-04;ENG-12,MVP1-M07-015,"Requirement is absent, unauthorized, stale, incorrectly aggregated, or a dependent provider fails; render a controlled truthful state.",F360-EV-010
F360-ACT-003,Action,Factory_360_Specification_v2.0.docx,Page 5,Create Inspection opens Planning/Inspection with selected license context.,,,,,,,DISCOVERED,,,,,,,,create_inspection,CODE_COMPLETE,STATIC_AND_SQL_CONTRACT_PASS,product-contract/evidence/TASK-FACTORY-360-COMPLETE-010.md,,,Codex,a92dd9f49e7df50af606ed16881c09954161c528,2026-07-20,P01;P12,SCR-WEB-400;SCR-WEB-100,ENG-11;ENG-12,MVP1-M07-018;MVP1-M07-019,"Requirement is absent, unauthorized, stale, incorrectly aggregated, or a dependent provider fails; render a controlled truthful state.",F360-EV-010
F360-ACT-004,Action,Factory_360_Specification_v2.0.docx,Page 5,Export PDF generates a selected-license Factory 360 profile subject to permission.,,,,,,,DISCOVERED,,,,,,,,export_factory,CODE_COMPLETE,STATIC_AND_SQL_CONTRACT_PASS,product-contract/evidence/TASK-FACTORY-360-COMPLETE-010.md,,,Codex,a92dd9f49e7df50af606ed16881c09954161c528,2026-07-20,P12,SCR-WEB-400,ENG-04;ENG-06;ENG-07;ENG-08;ENG-09;ENG-11;ENG-12,MVP1-M07-019,"Requirement is absent, unauthorized, stale, incorrectly aggregated, or a dependent provider fails; render a controlled truthful state.",F360-EV-010
MVP1-M07-001,Existing MVP1 M07 Requirement,Inspection Project.xlsx / atomic_scope.csv,Factory 360 row 2,Factory Profile Page,User and system behavior in Purpose/User Actions/System Actions/Business Rules remains MVP1.,Factory Profile Page implements the accepted Factory 360 behavior.,,,,,MAPPED,Preserve accepted MVP1 behavior while extending Factory 360 v2.,Cross-map the existing M07 capability to the v2 Word/API obligations without weakening it.,M07 Factory 360,,/factories/:id/360,Factory Profile Page,Inspection Platform; Senaei where documented,view_factory_360,CODE_COMPLETE,STATIC_REGRESSION_PASS,product-contract/evidence/TASK-FACTORY-360-COMPLETE-010.md,,,Codex,a92dd9f49e7df50af606ed16881c09954161c528,2026-07-20,P12,SCR-WEB-400,ENG-04;ENG-06;ENG-07;ENG-08;ENG-09;ENG-11;ENG-12,AC-0410,"Existing M07 behavior regresses, is hidden without authority, mutates read-only data, or reports unavailable data as live.",F360-EV-003
MVP1-M07-002,Existing MVP1 M07 Requirement,Inspection Project.xlsx / atomic_scope.csv,Factory 360 row 3,Factory Overview,User and system behavior in Purpose/User Actions/System Actions/Business Rules remains MVP1.,Factory Overview implements the accepted Factory 360 behavior.,,,,,MAPPED,Preserve accepted MVP1 behavior while extending Factory 360 v2.,Cross-map the existing M07 capability to the v2 Word/API obligations without weakening it.,M07 Factory 360,,/factories/:id/360,Factory Overview,Inspection Platform; Senaei where documented,view_factory_360,CODE_COMPLETE,STATIC_REGRESSION_PASS,product-contract/evidence/TASK-FACTORY-360-COMPLETE-010.md,,,Codex,a92dd9f49e7df50af606ed16881c09954161c528,2026-07-20,P12,SCR-WEB-400,ENG-04;ENG-06;ENG-07;ENG-08;ENG-09;ENG-11;ENG-12,AC-0411,"Existing M07 behavior regresses, is hidden without authority, mutates read-only data, or reports unavailable data as live.",F360-EV-003
MVP1-M07-003,Existing MVP1 M07 Requirement,Inspection Project.xlsx / atomic_scope.csv,Factory 360 row 4,License Information,User and system behavior in Purpose/User Actions/System Actions/Business Rules remains MVP1.,License Information implements the accepted Factory 360 behavior.,,,,,MAPPED,Preserve accepted MVP1 behavior while extending Factory 360 v2.,Cross-map the existing M07 capability to the v2 Word/API obligations without weakening it.,M07 Factory 360,,/factories/:id/360,License Information,Inspection Platform; Senaei where documented,view_factory_360,CODE_COMPLETE,STATIC_REGRESSION_PASS,product-contract/evidence/TASK-FACTORY-360-COMPLETE-010.md,,,Codex,a92dd9f49e7df50af606ed16881c09954161c528,2026-07-20,P12,SCR-WEB-400,ENG-04;ENG-06;ENG-07;ENG-08;ENG-09;ENG-11;ENG-12,AC-0412,"Existing M07 behavior regresses, is hidden without authority, mutates read-only data, or reports unavailable data as live.",F360-EV-003
MVP1-M07-004,Existing MVP1 M07 Requirement,Inspection Project.xlsx / atomic_scope.csv,Factory 360 row 5,CR Information,User and system behavior in Purpose/User Actions/System Actions/Business Rules remains MVP1.,CR Information implements the accepted Factory 360 behavior.,,,,,MAPPED,Preserve accepted MVP1 behavior while extending Factory 360 v2.,Cross-map the existing M07 capability to the v2 Word/API obligations without weakening it.,M07 Factory 360,,/factories/:id/360,CR Information,Inspection Platform; Senaei where documented,view_factory_360,CODE_COMPLETE,STATIC_REGRESSION_PASS,product-contract/evidence/TASK-FACTORY-360-COMPLETE-010.md,,,Codex,a92dd9f49e7df50af606ed16881c09954161c528,2026-07-20,P12,SCR-WEB-400,ENG-04;ENG-06;ENG-07;ENG-08;ENG-09;ENG-11;ENG-12,AC-0413,"Existing M07 behavior regresses, is hidden without authority, mutates read-only data, or reports unavailable data as live.",F360-EV-003
MVP1-M07-005,Existing MVP1 M07 Requirement,Inspection Project.xlsx / atomic_scope.csv,Factory 360 row 6,Location & Map,User and system behavior in Purpose/User Actions/System Actions/Business Rules remains MVP1.,Location & Map implements the accepted Factory 360 behavior.,,,,,MAPPED,Preserve accepted MVP1 behavior while extending Factory 360 v2.,Cross-map the existing M07 capability to the v2 Word/API obligations without weakening it.,M07 Factory 360,,/factories/:id/360,Location & Map,Inspection Platform; Senaei where documented,view_factory_360,CODE_COMPLETE,STATIC_REGRESSION_PASS,product-contract/evidence/TASK-FACTORY-360-COMPLETE-010.md,,,Codex,a92dd9f49e7df50af606ed16881c09954161c528,2026-07-20,P12,SCR-WEB-400,ENG-04;ENG-06;ENG-07;ENG-08;ENG-09;ENG-11;ENG-12,AC-0414,"Existing M07 behavior regresses, is hidden without authority, mutates read-only data, or reports unavailable data as live.",F360-EV-003
MVP1-M07-006,Existing MVP1 M07 Requirement,Inspection Project.xlsx / atomic_scope.csv,Factory 360 row 7,Products,User and system behavior in Purpose/User Actions/System Actions/Business Rules remains MVP1.,Products implements the accepted Factory 360 behavior.,,,,,MAPPED,Preserve accepted MVP1 behavior while extending Factory 360 v2.,Cross-map the existing M07 capability to the v2 Word/API obligations without weakening it.,M07 Factory 360,,/factories/:id/360,Products,Inspection Platform; Senaei where documented,view_factory_360,CODE_COMPLETE,STATIC_REGRESSION_PASS,product-contract/evidence/TASK-FACTORY-360-COMPLETE-010.md,,,Codex,a92dd9f49e7df50af606ed16881c09954161c528,2026-07-20,P12,SCR-WEB-400,ENG-04;ENG-06;ENG-07;ENG-08;ENG-09;ENG-11;ENG-12,AC-0415,"Existing M07 behavior regresses, is hidden without authority, mutates read-only data, or reports unavailable data as live.",F360-EV-003
MVP1-M07-007,Existing MVP1 M07 Requirement,Inspection Project.xlsx / atomic_scope.csv,Factory 360 row 8,Raw Materials,User and system behavior in Purpose/User Actions/System Actions/Business Rules remains MVP1.,Raw Materials implements the accepted Factory 360 behavior.,,,,,MAPPED,Preserve accepted MVP1 behavior while extending Factory 360 v2.,Cross-map the existing M07 capability to the v2 Word/API obligations without weakening it.,M07 Factory 360,,/factories/:id/360,Raw Materials,Inspection Platform; Senaei where documented,view_factory_360,CODE_COMPLETE,STATIC_REGRESSION_PASS,product-contract/evidence/TASK-FACTORY-360-COMPLETE-010.md,,,Codex,a92dd9f49e7df50af606ed16881c09954161c528,2026-07-20,P12,SCR-WEB-400,ENG-04;ENG-06;ENG-07;ENG-08;ENG-09;ENG-11;ENG-12,AC-0416,"Existing M07 behavior regresses, is hidden without authority, mutates read-only data, or reports unavailable data as live.",F360-EV-003
MVP1-M07-008,Existing MVP1 M07 Requirement,Inspection Project.xlsx / atomic_scope.csv,Factory 360 row 9,Workforce,User and system behavior in Purpose/User Actions/System Actions/Business Rules remains MVP1.,Workforce implements the accepted Factory 360 behavior.,,,,,MAPPED,Preserve accepted MVP1 behavior while extending Factory 360 v2.,Cross-map the existing M07 capability to the v2 Word/API obligations without weakening it.,M07 Factory 360,,/factories/:id/360,Workforce,Inspection Platform; Senaei where documented,view_factory_360,CODE_COMPLETE,STATIC_REGRESSION_PASS,product-contract/evidence/TASK-FACTORY-360-COMPLETE-010.md,,,Codex,a92dd9f49e7df50af606ed16881c09954161c528,2026-07-20,P12,SCR-WEB-400,ENG-04;ENG-06;ENG-07;ENG-08;ENG-09;ENG-11;ENG-12,AC-0417,"Existing M07 behavior regresses, is hidden without authority, mutates read-only data, or reports unavailable data as live.",F360-EV-003
MVP1-M07-009,Existing MVP1 M07 Requirement,Inspection Project.xlsx / atomic_scope.csv,Factory 360 row 10,Investment & Capacity,User and system behavior in Purpose/User Actions/System Actions/Business Rules remains MVP1.,Investment & Capacity implements the accepted Factory 360 behavior.,,,,,MAPPED,Preserve accepted MVP1 behavior while extending Factory 360 v2.,Cross-map the existing M07 capability to the v2 Word/API obligations without weakening it.,M07 Factory 360,,/factories/:id/360,Investment & Capacity,Inspection Platform; Senaei where documented,view_factory_360,CODE_COMPLETE,STATIC_REGRESSION_PASS,product-contract/evidence/TASK-FACTORY-360-COMPLETE-010.md,,,Codex,a92dd9f49e7df50af606ed16881c09954161c528,2026-07-20,P12,SCR-WEB-400,ENG-04;ENG-06;ENG-07;ENG-08;ENG-09;ENG-11;ENG-12,AC-0418,"Existing M07 behavior regresses, is hidden without authority, mutates read-only data, or reports unavailable data as live.",F360-EV-003
MVP1-M07-010,Existing MVP1 M07 Requirement,Inspection Project.xlsx / atomic_scope.csv,Factory 360 row 11,Visit History,User and system behavior in Purpose/User Actions/System Actions/Business Rules remains MVP1.,Visit History implements the accepted Factory 360 behavior.,,,,,MAPPED,Preserve accepted MVP1 behavior while extending Factory 360 v2.,Cross-map the existing M07 capability to the v2 Word/API obligations without weakening it.,M07 Factory 360,,/factories/:id/360,Visit History,Inspection Platform; Senaei where documented,view_factory_360,CODE_COMPLETE,STATIC_REGRESSION_PASS,product-contract/evidence/TASK-FACTORY-360-COMPLETE-010.md,,,Codex,a92dd9f49e7df50af606ed16881c09954161c528,2026-07-20,P12,SCR-WEB-400,ENG-04;ENG-06;ENG-07;ENG-08;ENG-09;ENG-11;ENG-12,AC-0419,"Existing M07 behavior regresses, is hidden without authority, mutates read-only data, or reports unavailable data as live.",F360-EV-003
MVP1-M07-011,Existing MVP1 M07 Requirement,Inspection Project.xlsx / atomic_scope.csv,Factory 360 row 12,Inspection History,User and system behavior in Purpose/User Actions/System Actions/Business Rules remains MVP1.,Inspection History implements the accepted Factory 360 behavior.,,,,,MAPPED,Preserve accepted MVP1 behavior while extending Factory 360 v2.,Cross-map the existing M07 capability to the v2 Word/API obligations without weakening it.,M07 Factory 360,,/factories/:id/360,Inspection History,Inspection Platform; Senaei where documented,view_factory_360,CODE_COMPLETE,STATIC_REGRESSION_PASS,product-contract/evidence/TASK-FACTORY-360-COMPLETE-010.md,,,Codex,a92dd9f49e7df50af606ed16881c09954161c528,2026-07-20,P12,SCR-WEB-400,ENG-04;ENG-06;ENG-07;ENG-08;ENG-09;ENG-11;ENG-12,AC-0420,"Existing M07 behavior regresses, is hidden without authority, mutates read-only data, or reports unavailable data as live.",F360-EV-003
MVP1-M07-012,Existing MVP1 M07 Requirement,Inspection Project.xlsx / atomic_scope.csv,Factory 360 row 13,Violations & Penalties,User and system behavior in Purpose/User Actions/System Actions/Business Rules remains MVP1.,Violations & Penalties implements the accepted Factory 360 behavior.,,,,,MAPPED,Preserve accepted MVP1 behavior while extending Factory 360 v2.,Cross-map the existing M07 capability to the v2 Word/API obligations without weakening it.,M07 Factory 360,,/factories/:id/360,Violations & Penalties,Inspection Platform; Senaei where documented,view_factory_360,CODE_COMPLETE,STATIC_REGRESSION_PASS,product-contract/evidence/TASK-FACTORY-360-COMPLETE-010.md,,,Codex,a92dd9f49e7df50af606ed16881c09954161c528,2026-07-20,P12,SCR-WEB-400,ENG-04;ENG-06;ENG-07;ENG-08;ENG-09;ENG-11;ENG-12,AC-0421,"Existing M07 behavior regresses, is hidden without authority, mutates read-only data, or reports unavailable data as live.",F360-EV-003
MVP1-M07-013,Existing MVP1 M07 Requirement,Inspection Project.xlsx / atomic_scope.csv,Factory 360 row 14,Corrective Actions,User and system behavior in Purpose/User Actions/System Actions/Business Rules remains MVP1.,Corrective Actions implements the accepted Factory 360 behavior.,,,,,MAPPED,Preserve accepted MVP1 behavior while extending Factory 360 v2.,Cross-map the existing M07 capability to the v2 Word/API obligations without weakening it.,M07 Factory 360,,/factories/:id/360,Corrective Actions,Inspection Platform; Senaei where documented,view_factory_360,CODE_COMPLETE,STATIC_REGRESSION_PASS,product-contract/evidence/TASK-FACTORY-360-COMPLETE-010.md,,,Codex,a92dd9f49e7df50af606ed16881c09954161c528,2026-07-20,P12,SCR-WEB-400,ENG-04;ENG-06;ENG-07;ENG-08;ENG-09;ENG-11;ENG-12,AC-0422,"Existing M07 behavior regresses, is hidden without authority, mutates read-only data, or reports unavailable data as live.",F360-EV-003
MVP1-M07-014,Existing MVP1 M07 Requirement,Inspection Project.xlsx / atomic_scope.csv,Factory 360 row 15,Factory Health Score,User and system behavior in Purpose/User Actions/System Actions/Business Rules remains MVP1.,Factory Health Score implements the accepted Factory 360 behavior.,,,,,MAPPED,Preserve accepted MVP1 behavior while extending Factory 360 v2.,Cross-map the existing M07 capability to the v2 Word/API obligations without weakening it.,M07 Factory 360,,/factories/:id/360,Factory Health Score,Inspection Platform; Senaei where documented,view_factory_360;view_risk_details,CODE_COMPLETE,STATIC_REGRESSION_PASS,product-contract/evidence/TASK-FACTORY-360-COMPLETE-010.md,,,Codex,a92dd9f49e7df50af606ed16881c09954161c528,2026-07-20,P12,SCR-WEB-400,ENG-04;ENG-06;ENG-07;ENG-08;ENG-09;ENG-11;ENG-12,AC-0423,"Existing M07 behavior regresses, is hidden without authority, mutates read-only data, or reports unavailable data as live.",F360-EV-003
MVP1-M07-015,Existing MVP1 M07 Requirement,Inspection Project.xlsx / atomic_scope.csv,Factory 360 row 16,Risk Profile,User and system behavior in Purpose/User Actions/System Actions/Business Rules remains MVP1.,Risk Profile implements the accepted Factory 360 behavior.,,,,,MAPPED,Preserve accepted MVP1 behavior while extending Factory 360 v2.,Cross-map the existing M07 capability to the v2 Word/API obligations without weakening it.,M07 Factory 360,,/factories/:id/360,Risk Profile,Inspection Platform; Senaei where documented,view_factory_360;view_risk_details,CODE_COMPLETE,STATIC_REGRESSION_PASS,product-contract/evidence/TASK-FACTORY-360-COMPLETE-010.md,,,Codex,a92dd9f49e7df50af606ed16881c09954161c528,2026-07-20,P12,SCR-WEB-400,ENG-04;ENG-06;ENG-07;ENG-08;ENG-09;ENG-11;ENG-12,AC-0424,"Existing M07 behavior regresses, is hidden without authority, mutates read-only data, or reports unavailable data as live.",F360-EV-003
MVP1-M07-016,Existing MVP1 M07 Requirement,Inspection Project.xlsx / atomic_scope.csv,Factory 360 row 17,Documents & Evidence,User and system behavior in Purpose/User Actions/System Actions/Business Rules remains MVP1.,Documents & Evidence implements the accepted Factory 360 behavior.,,,,,MAPPED,Preserve accepted MVP1 behavior while extending Factory 360 v2.,Cross-map the existing M07 capability to the v2 Word/API obligations without weakening it.,M07 Factory 360,,/factories/:id/360,Documents & Evidence,Inspection Platform; Senaei where documented,view_factory_360;view_factory_documents;download_factory_documents,CODE_COMPLETE,STATIC_REGRESSION_PASS,product-contract/evidence/TASK-FACTORY-360-COMPLETE-010.md,,,Codex,a92dd9f49e7df50af606ed16881c09954161c528,2026-07-20,P12,SCR-WEB-400,ENG-04;ENG-06;ENG-07;ENG-08;ENG-09;ENG-11;ENG-12,AC-0425,"Existing M07 behavior regresses, is hidden without authority, mutates read-only data, or reports unavailable data as live.",F360-EV-003
MVP1-M07-017,Existing MVP1 M07 Requirement,Inspection Project.xlsx / atomic_scope.csv,Factory 360 row 18,Factory Timeline,User and system behavior in Purpose/User Actions/System Actions/Business Rules remains MVP1.,Factory Timeline implements the accepted Factory 360 behavior.,,,,,MAPPED,Preserve accepted MVP1 behavior while extending Factory 360 v2.,Cross-map the existing M07 capability to the v2 Word/API obligations without weakening it.,M07 Factory 360,,/factories/:id/360,Factory Timeline,Inspection Platform; Senaei where documented,view_factory_360,CODE_COMPLETE,STATIC_REGRESSION_PASS,product-contract/evidence/TASK-FACTORY-360-COMPLETE-010.md,,,Codex,a92dd9f49e7df50af606ed16881c09954161c528,2026-07-20,P12,SCR-WEB-400,ENG-04;ENG-06;ENG-07;ENG-08;ENG-09;ENG-11;ENG-12,AC-0426,"Existing M07 behavior regresses, is hidden without authority, mutates read-only data, or reports unavailable data as live.",F360-EV-003
MVP1-M07-018,Existing MVP1 M07 Requirement,Inspection Project.xlsx / atomic_scope.csv,Factory 360 row 19,Factory Card Link,User and system behavior in Purpose/User Actions/System Actions/Business Rules remains MVP1.,Factory Card Link implements the accepted Factory 360 behavior.,,,,,MAPPED,Preserve accepted MVP1 behavior while extending Factory 360 v2.,Cross-map the existing M07 capability to the v2 Word/API obligations without weakening it.,M07 Factory 360,,/factories/:id/360,Factory Card Link,Inspection Platform; Senaei where documented,view_factory_360;create_inspection,CODE_COMPLETE,STATIC_REGRESSION_PASS,product-contract/evidence/TASK-FACTORY-360-COMPLETE-010.md,,,Codex,a92dd9f49e7df50af606ed16881c09954161c528,2026-07-20,P12,SCR-WEB-400,ENG-04;ENG-06;ENG-07;ENG-08;ENG-09;ENG-11;ENG-12,AC-0427,"Existing M07 behavior regresses, is hidden without authority, mutates read-only data, or reports unavailable data as live.",F360-EV-003
MVP1-M07-019,Existing MVP1 M07 Requirement,Inspection Project.xlsx / atomic_scope.csv,Factory 360 row 20,Access Control,User and system behavior in Purpose/User Actions/System Actions/Business Rules remains MVP1.,Access Control implements the accepted Factory 360 behavior.,,,,,MAPPED,Preserve accepted MVP1 behavior while extending Factory 360 v2.,Cross-map the existing M07 capability to the v2 Word/API obligations without weakening it.,M07 Factory 360,,/factories/:id/360,Access Control,Inspection Platform; Senaei where documented,view_factory_360;view_factory_documents;download_factory_documents;view_risk_details;export_factory;create_inspection,CODE_COMPLETE,STATIC_REGRESSION_PASS,product-contract/evidence/TASK-FACTORY-360-COMPLETE-010.md,,,Codex,a92dd9f49e7df50af606ed16881c09954161c528,2026-07-20,P12,SCR-WEB-400,ENG-04;ENG-06;ENG-07;ENG-08;ENG-09;ENG-11;ENG-12,AC-0428,"Existing M07 behavior regresses, is hidden without authority, mutates read-only data, or reports unavailable data as live.",F360-EV-003
MVP1-M07-020,Existing MVP1 M07 Requirement,Inspection Project.xlsx / atomic_scope.csv,Factory 360 row 21,Error Handling,User and system behavior in Purpose/User Actions/System Actions/Business Rules remains MVP1.,Error Handling implements the accepted Factory 360 behavior.,,,,,MAPPED,Preserve accepted MVP1 behavior while extending Factory 360 v2.,Cross-map the existing M07 capability to the v2 Word/API obligations without weakening it.,M07 Factory 360,,/factories/:id/360,Error Handling,Inspection Platform; Senaei where documented,view_factory_360,CODE_COMPLETE,STATIC_REGRESSION_PASS,product-contract/evidence/TASK-FACTORY-360-COMPLETE-010.md,,,Codex,a92dd9f49e7df50af606ed16881c09954161c528,2026-07-20,P12,SCR-WEB-400,ENG-04;ENG-06;ENG-07;ENG-08;ENG-09;ENG-11;ENG-12,AC-0429,"Existing M07 behavior regresses, is hidden without authority, mutates read-only data, or reports unavailable data as live.",F360-EV-003
